Timestamp,Source,Distortion,Signal
0,0,0,0
0.01,0.0016336256,0.05877852523,0.06041215083
0.02,0.0033928994,0.09510565163,0.09849855103
0.03,0.0052778059,0.09510565163,0.1003834575
0.04,0.0072883294,0.05877852523,0.06606685463
0.05,0.0094244543,0,0.0094244543
0.06,0.0116861646,-0.05877852523,-0.04709236063
0.07,0.014073444,-0.09510565163,-0.08103220763
0.08,0.0165862755,-0.09510565163,-0.07851937613
0.09,0.0192246415,-0.05877852523,-0.03955388373
0.1,0.0219885235,0,0.0219885235
0.11,0.0248779017,0.05877852523,0.08365642693
0.12,0.0278927547,0.09510565163,0.1229984063
0.13,0.0310330596,0.09510565163,0.1261387112
0.14,0.0342987911,0.05877852523,0.09307731633
0.15,0.0376899214,0,0.0376899214
0.16,0.0412064199,-0.05877852523,-0.01757210533
0.17,0.0448482526,-0.09510565163,-0.05025739903
0.18,0.0486153815,-0.09510565163,-0.04649027013
0.19,0.0525077648,-0.05877852523,-0.006270760429
0.2,0.0565253552,0,0.0565253552
0.21,0.0606681006,0.05877852523,0.1194466258
0.22,0.0649359426,0.09510565163,0.1600415942
0.23,0.0693288165,0.09510565163,0.1644344681
0.24,0.0738466501,0.05877852523,0.1326251753
0.25,0.0784893636,0,0.0784893636
0.26,0.0832568685,-0.05877852523,0.02447834327
0.27,0.088149067,-0.09510565163,-0.00695658463
0.28,0.0931658513,-0.09510565163,-0.00193980033
0.29,0.0983071028,-0.05877852523,0.03952857757
0.3,0.1035726911,0,0.1035726911
0.31,0.1089624735,0.05877852523,0.1677409987
0.32,0.1144762938,0.09510565163,0.2095819454
0.33,0.1201139816,0.09510565163,0.2152196332
0.34,0.1258753513,0.05877852523,0.1846538765
0.35,0.131760201,0,0.131760201
0.36,0.137768312,-0.05877852523,0.07898978677
0.37,0.143899447,-0.09510565163,0.04879379537
0.38,0.1501533499,-0.09510565163,0.05504769827
0.39,0.156529744,-0.05877852523,0.09775121877
0.4,0.1630283317,0,0.1630283317
0.41,0.1696487922,0.05877852523,0.2284273174
0.42,0.1763907817,0.09510565163,0.2714964333
0.43,0.1832539314,0.09510565163,0.278359583
0.44,0.1902378463,0.05877852523,0.2490163715
0.45,0.1973421044,0,0.1973421044
0.46,0.2045662549,-0.05877852523,0.1457877297
0.47,0.2119098173,-0.09510565163,0.1168041657
0.48,0.2193722802,-0.09510565163,0.1242666286
0.49,0.2269530995,-0.05877852523,0.1681745743
0.5,0.2346516975,0,0.2346516975
0.51,0.2424674614,0.05877852523,0.3012459866
0.52,0.2503997415,0.09510565163,0.3455053931
0.53,0.2584478504,0.09510565163,0.353553502
0.54,0.2666110612,0.05877852523,0.3253895864
0.55,0.2748886061,0,0.2748886061
0.56,0.283279675,-0.05877852523,0.2245011498
0.57,0.2917834137,-0.09510565163,0.1966777621
0.58,0.3003989228,-0.09510565163,0.2052932712
0.59,0.309125256,-0.05877852523,0.2503467308
0.6,0.3179614182,0,0.3179614182
0.61,0.3269063646,0.05877852523,0.3856848898
0.62,0.3359589984,0.09510565163,0.43106465
0.63,0.3451181698,0.09510565163,0.4402238214
0.64,0.354382674,0.05877852523,0.4131611992
0.65,0.3637512495,0,0.3637512495
0.66,0.373222577,-0.05877852523,0.3144440518
0.67,0.3827952773,-0.09510565163,0.2876896257
0.68,0.3924679097,-0.09510565163,0.2973622581
0.69,0.4022389702,-0.05877852523,0.343460445
0.7,0.4121068903,0,0.4121068903
0.71,0.4220700351,0.05877852523,0.4808485603
0.72,0.4321267012,0.09510565163,0.5272323528
0.73,0.4422751157,0.09510565163,0.5373807673
0.74,0.4525134342,0.05877852523,0.5112919594
0.75,0.462839739,0,0.462839739
0.76,0.4732520377,-0.05877852523,0.4144735125
0.77,0.4837482613,-0.09510565163,0.3886426097
0.78,0.4943262628,-0.09510565163,0.3992206112
0.79,0.5049838152,-0.05877852523,0.44620529
0.8,0.5157186104,0,0.5157186104
0.81,0.5265282569,0.05877852523,0.5853067821
0.82,0.5374102789,0.09510565163,0.6325159305
0.83,0.548362114,0.09510565163,0.6434677656
0.84,0.5593811122,0.05877852523,0.6181596374
0.85,0.5704645343,0,0.5704645343
0.86,0.5816095498,-0.05877852523,0.5228310246
0.87,0.5928132361,-0.09510565163,0.4977075845
0.88,0.604072577,-0.09510565163,0.5089669254
0.89,0.6153844606,-0.05877852523,0.5566059354
0.9,0.6267456787,0,0.6267456787
0.91,0.6381529251,0.05877852523,0.6969314503
0.92,0.6496027938,0.09510565163,0.7447084454
0.93,0.6610917789,0.09510565163,0.7561974305
0.94,0.6726162724,0.05877852523,0.7313947976
0.95,0.6841725632,0,0.6841725632
0.96,0.6957568363,-0.05877852523,0.6369783111
0.97,0.7073651714,-0.09510565163,0.6122595198
0.98,0.7189935423,-0.09510565163,0.6238878907
0.99,0.7306378155,-0.05877852523,0.6718592903
1,0.7422937495,0,0.7422937495
1.01,0.7539569941,0.05877852523,0.8127355193
1.02,0.7656230898,0.09510565163,0.8607287414
1.03,0.7772874668,0.09510565163,0.8723931184
1.04,0.7889454445,0.05877852523,0.8477239697
1.05,0.8005922313,0,0.8005922313
1.06,0.8122229239,-0.05877852523,0.7534443987
1.07,0.8238325073,-0.09510565163,0.7287268557
1.08,0.8354158542,-0.09510565163,0.7403102026
1.09,0.8469677251,-0.05877852523,0.7881891999
1.1,0.8584827685,0,0.8584827685
1.11,0.8699555208,0.05877852523,0.928734046
1.12,0.8813804066,0.09510565163,0.9764860582
1.13,0.8927517387,0.09510565163,0.9878573903
1.14,0.904063719,0.05877852523,0.9628422442
1.15,0.9153104392,0,0.9153104392
1.16,0.926485881,-0.05877852523,0.8677073558
1.17,0.9375839171,-0.09510565163,0.8424782655
1.18,0.9485983125,-0.09510565163,0.8534926609
1.19,0.9595227254,-0.05877852523,0.9007442002
1.2,0.9703507084,0,0.9703507084
1.21,0.9810757103,0.05877852523,1.039854236
1.22,0.9916910771,0.09510565163,1.086796729
1.23,1.002190054,0.09510565163,1.097295706
1.24,1.012565788,0.05877852523,1.071344313
1.25,1.022811328,0,1.022811328
1.26,1.032919631,-0.05877852523,0.9741411058
1.27,1.042883559,-0.09510565163,0.9477779074
1.28,1.052695885,-0.09510565163,0.9575902334
1.29,1.062349298,-0.05877852523,1.003570773
1.3,1.0718364,0,1.0718364
1.31,1.081149714,0.05877852523,1.139928239
1.32,1.090281687,0.09510565163,1.185387339
1.33,1.099224689,0.09510565163,1.194330341
1.34,1.107971023,0.05877852523,1.166749548
1.35,1.116512927,0,1.116512927
1.36,1.124842573,-0.05877852523,1.066064048
1.37,1.13295208,-0.09510565163,1.037846428
1.38,1.140833513,-0.09510565163,1.045727861
1.39,1.148478889,-0.05877852523,1.089700364
1.4,1.155880182,0,1.155880182
1.41,1.163029328,0.05877852523,1.221807853
1.42,1.169918233,0.09510565163,1.265023885
1.43,1.176538776,0.09510565163,1.271644428
1.44,1.182882814,0.05877852523,1.241661339
1.45,1.188942192,0,1.188942192
1.46,1.194708747,-0.05877852523,1.135930222
1.47,1.200174316,-0.09510565163,1.105068664
1.48,1.205330739,-0.09510565163,1.110225087
1.49,1.210169872,-0.05877852523,1.151391347
1.5,1.21468359,0,1.21468359
1.51,1.218863799,0.05877852523,1.277642324
1.52,1.222702436,0.09510565163,1.317808088
1.53,1.226191487,0.09510565163,1.321297139
1.54,1.229322987,0.05877852523,1.288101512
1.55,1.232089035,0,1.232089035
1.56,1.234481798,-0.05877852523,1.175703273
1.57,1.236493523,-0.09510565163,1.141387871
1.58,1.238116544,-0.09510565163,1.143010892
1.59,1.239343293,-0.05877852523,1.180564768
1.6,1.24016631,0,1.24016631
1.61,1.240578252,0.05877852523,1.299356777
1.62,1.240571904,0.09510565163,1.335677556
1.63,1.240140189,0.09510565163,1.335245841
1.64,1.239276176,0.05877852523,1.298054701
1.65,1.237973098,0,1.237973098
1.66,1.236224353,-0.05877852523,1.177445828
1.67,1.234023523,-0.09510565163,1.138917871
1.68,1.231364384,-0.09510565163,1.136258732
1.69,1.228240913,-0.05877852523,1.169462388
1.7,1.224647304,0,1.224647304
1.71,1.220577981,0.05877852523,1.279356506
1.72,1.216027604,0.09510565163,1.311133256
1.73,1.210991087,0.09510565163,1.306096739
1.74,1.205463607,0.05877852523,1.264242132
1.75,1.199440618,0,1.199440618
1.76,1.192917862,-0.05877852523,1.134139337
1.77,1.185891383,-0.09510565163,1.090785731
1.78,1.178357537,-0.09510565163,1.083251885
1.79,1.170313009,-0.05877852523,1.111534484
1.8,1.161754822,0,1.161754822
1.81,1.15268035,0.05877852523,1.211458875
1.82,1.143087332,0.09510565163,1.238192984
1.83,1.132973887,0.09510565163,1.228079539
1.84,1.12233852,0.05877852523,1.181117045
1.85,1.111180142,0,1.111180142
1.86,1.099498077,-0.05877852523,1.040719552
1.87,1.087292079,-0.09510565163,0.9921864274
1.88,1.074562341,-0.09510565163,0.9794566894
1.89,1.06130951,-0.05877852523,1.002530985
1.9,1.047534696,0,1.047534696
1.91,1.033239488,0.05877852523,1.092018013
1.92,1.018425962,0.09510565163,1.113531614
1.93,1.003096697,0.09510565163,1.098202349
1.94,0.9872547807,0.05877852523,1.046033306
1.95,0.9709038266,0,0.9709038266
1.96,0.9540479809,-0.05877852523,0.8952694557
1.97,0.9366919343,-0.09510565163,0.8415862827
1.98,0.9188409324,-0.09510565163,0.8237352808
1.99,0.9005007856,-0.05877852523,0.8417222604
2,0.8816778784,0,0.8816778784
2.01,0.8623791786,0.05877852523,0.9211577038
2.02,0.8426122458,0.09510565163,0.9377178974
2.03,0.8223852399,0.09510565163,0.9174908915
2.04,0.8017069282,0.05877852523,0.8604854534
2.05,0.7805866937,0,0.7805866937
2.06,0.7590345401,-0.05877852523,0.7002560149
2.07,0.7370610994,-0.09510565163,0.6419554478
2.08,0.7146776361,-0.09510565163,0.6195719845
2.09,0.6918960528,-0.05877852523,0.6331175276
2.1,0.6687288935,0,0.6687288935
2.11,0.6451893479,0.05877852523,0.7039678731
2.12,0.6212912531,0.09510565163,0.7163969047
2.13,0.5970490963,0.09510565163,0.6921547479
2.14,0.5724780151,0.05877852523,0.6312565403
2.15,0.5475937985,0,0.5475937985
2.16,0.5224128855,-0.05877852523,0.4636343603
2.17,0.4969523644,-0.09510565163,0.4018467128
2.18,0.4712299698,-0.09510565163,0.3761243182
2.19,0.4452640793,-0.05877852523,0.3864855541
2.2,0.4190737098,0,0.4190737098
2.21,0.3926785109,0.05877852523,0.4514570361
2.22,0.36609876,0.09510565163,0.4612044116
2.23,0.3393553537,0.09510565163,0.4344610053
2.24,0.3124698,0.05877852523,0.3712483252
2.25,0.2854642084,0,0.2854642084
2.26,0.2583612791,-0.05877852523,0.1995827539
2.27,0.2311842913,-0.09510565163,0.1360786397
2.28,0.20395709,-0.09510565163,0.1088514384
2.29,0.1767040717,-0.05877852523,0.1179255465
2.3,0.1494501691,0,0.1494501691
2.31,0.122220834,0.05877852523,0.1809993592
2.32,0.09504202,0.09510565163,0.1901476716
2.33,0.0679401625,0.09510565163,0.1630458141
2.34,0.0409421585,0.05877852523,0.09972068373
2.35,0.014075345,0,0.014075345
2.36,-0.0126325244,-0.05877852523,-0.07141104963
2.37,-0.0391533038,-0.09510565163,-0.1342589554
2.38,-0.0654584805,-0.09510565163,-0.1605641321
2.39,-0.091519203,-0.05877852523,-0.1502977282
2.4,-0.1173063076,0,-0.1173063076
2.41,-0.1427903502,0.05877852523,-0.08401182497
2.42,-0.1679416356,0.09510565163,-0.07283598397
2.43,-0.1927302506,0.09510565163,-0.09762459897
2.44,-0.2171260976,0.05877852523,-0.1583475724
2.45,-0.2410989292,0,-0.2410989292
2.46,-0.2646183848,-0.05877852523,-0.32339691
2.47,-0.2876540274,-0.09510565163,-0.382759679
2.48,-0.310175383,-0.09510565163,-0.4052810346
2.49,-0.33215198,-0.05877852523,-0.3909305052
2.5,-0.3535533906,0,-0.3535533906
2.51,-0.3743492725,0.05877852523,-0.3155707473
2.52,-0.3945094131,0.09510565163,-0.2994037615
2.53,-0.4140037732,0.09510565163,-0.3188981216
2.54,-0.4328025329,0.05877852523,-0.3740240077
2.55,-0.4508761379,0,-0.4508761379
2.56,-0.4681953476,-0.05877852523,-0.5269738728
2.57,-0.4847312824,-0.09510565163,-0.579836934
2.58,-0.5004554741,-0.09510565163,-0.5955611257
2.59,-0.5153399154,-0.05877852523,-0.5741184406
2.6,-0.5293571105,0,-0.5293571105
2.61,-0.5424801271,0.05877852523,-0.4837016019
2.62,-0.5546826485,0.09510565163,-0.4595769969
2.63,-0.5659390255,0.09510565163,-0.4708333739
2.64,-0.5762243307,0.05877852523,-0.5174458055
2.65,-0.5855144109,0,-0.5855144109
2.66,-0.5937859413,-0.05877852523,-0.6525644665
2.67,-0.6010164799,-0.09510565163,-0.6961221315
2.68,-0.6071845211,-0.09510565163,-0.7022901727
2.69,-0.6122695498,-0.05877852523,-0.671048075
2.7,-0.6162520963,0,-0.6162520963
2.71,-0.6191137892,0.05877852523,-0.560335264
2.72,-0.6208374098,0.09510565163,-0.5257317582
2.73,-0.6214069453,0.09510565163,-0.5263012937
2.74,-0.6208076411,0.05877852523,-0.5620291159
2.75,-0.6190260534,0,-0.6190260534
2.76,-0.6160501011,-0.05877852523,-0.6748286263
2.77,-0.6118691155,-0.09510565163,-0.7069747671
2.78,-0.6064738906,-0.09510565163,-0.7015795422
2.79,-0.5998567315,-0.05877852523,-0.6586352567
2.8,-0.5920115022,0,-0.5920115022
2.81,-0.5829336709,0.05877852523,-0.5241551457
2.82,-0.5726203552,0.09510565163,-0.4775147036
2.83,-0.561070365,0.09510565163,-0.4659647134
2.84,-0.5482842434,0.05877852523,-0.4895057182
2.85,-0.5342643065,0,-0.5342643065
2.86,-0.5190146806,-0.05877852523,-0.5777932058
2.87,-0.5025413372,-0.09510565163,-0.5976469888
2.88,-0.4848521266,-0.09510565163,-0.5799577782
2.89,-0.4659568076,-0.05877852523,-0.5247353328
2.9,-0.4458670761,0,-0.4458670761
2.91,-0.4245965902,0.05877852523,-0.365818065
2.92,-0.4021609927,0.09510565163,-0.3070553411
2.93,-0.3785779303,0.09510565163,-0.2834722787
2.94,-0.3538670707,0.05877852523,-0.2950885455
2.95,-0.3280501153,0,-0.3280501153
2.96,-0.3011508088,-0.05877852523,-0.359929334
2.97,-0.2731949462,-0.09510565163,-0.3683005978
2.98,-0.2442103755,-0.09510565163,-0.3393160271
2.99,-0.2142269963,-0.05877852523,-0.2730055215
3,-0.1832767551,0,-0.1832767551
3.01,-0.1513936371,0.05877852523,-0.09261511187
3.02,-0.1186136529,0.09510565163,-0.02350800127
3.03,-0.084974822,0.09510565163,0.01013082963
3.04,-0.050517151,0.05877852523,0.008261374229
3.05,-0.0152826092,0,-0.0152826092
3.06,0.0206849027,-0.05877852523,-0.03809362253
3.07,0.0573395855,-0.09510565163,-0.03776606613
3.08,0.0946337819,-0.09510565163,-0.0004718697295
3.09,0.1325180187,-0.05877852523,0.07373949347
3.1,0.1709410563,0,0.1709410563
3.11,0.2098499406,0.05877852523,0.2686284658
3.12,0.2491900612,0.09510565163,0.3442957128
3.13,0.2889052137,0.09510565163,0.3840108653
3.14,0.3289376673,0.05877852523,0.3877161925
3.15,0.3692282362,0,0.3692282362
3.16,0.4097163566,-0.05877852523,0.3509378314
3.17,0.4503401686,-0.09510565163,0.355234517
3.18,0.491036602,-0.09510565163,0.3959309504
3.19,0.5317414674,-0.05877852523,0.4729629422
3.2,0.5723895519,0,0.5723895519
3.21,0.6129147189,0.05877852523,0.6716932441
3.22,0.6532500131,0.09510565163,0.7483556647
3.23,0.6933277692,0.09510565163,0.7884334208
3.24,0.733079725,0.05877852523,0.7918582502
3.25,0.7724371393,0,0.7724371393
3.26,0.8113309125,-0.05877852523,0.7525523873
3.27,0.8496917128,-0.09510565163,0.7545860612
3.28,0.8874501045,-0.09510565163,0.7923444529
3.29,0.9245366803,-0.05877852523,0.8657581551
3.3,0.9608821978,0,0.9608821978
3.31,0.9964177177,0.05877852523,1.055196243
3.32,1.031074746,0.09510565163,1.126180398
3.33,1.064785378,0.09510565163,1.15989103
3.34,1.097482445,0.05877852523,1.15626097
3.35,1.129099666,0,1.129099666
3.36,1.159571791,-0.05877852523,1.100793266
3.37,1.188834765,-0.09510565163,1.093729113
3.38,1.216825868,-0.09510565163,1.121720216
3.39,1.243483883,-0.05877852523,1.184705358
3.4,1.268749239,0,1.268749239
3.41,1.292564176,0.05877852523,1.351342701
3.42,1.314872893,0.09510565163,1.409978545
3.43,1.335621708,0.09510565163,1.43072736
3.44,1.354759207,0.05877852523,1.413537732
3.45,1.372236402,0,1.372236402
3.46,1.388006877,-0.05877852523,1.329228352
3.47,1.402026938,-0.09510565163,1.306921286
3.48,1.414255762,-0.09510565163,1.31915011
3.49,1.424655537,-0.05877852523,1.365877012
3.5,1.433191603,0,1.433191603
3.51,1.439832589,0.05877852523,1.498611114
3.52,1.444550544,0.09510565163,1.539656196
3.53,1.447321064,0.09510565163,1.542426716
3.54,1.448123417,0.05877852523,1.506901942
3.55,1.446940654,0,1.446940654
3.56,1.443759724,-0.05877852523,1.384981199
3.57,1.438571577,-0.09510565163,1.343465925
3.58,1.431371258,-0.09510565163,1.336265606
3.59,1.422158004,-0.05877852523,1.363379479
3.6,1.410935315,0,1.410935315
3.61,1.397711039,0.05877852523,1.456489564
3.62,1.382497429,0.09510565163,1.477603081
3.63,1.3653112,0.09510565163,1.460416852
3.64,1.346173582,0.05877852523,1.404952107
3.65,1.325110345,0,1.325110345
3.66,1.302151838,-0.05877852523,1.243373313
3.67,1.277332995,-0.09510565163,1.182227343
3.68,1.250693345,-0.09510565163,1.155587693
3.69,1.222277005,-0.05877852523,1.16349848
3.7,1.192132659,0,1.192132659
3.71,1.160313535,0.05877852523,1.21909206
3.72,1.126877356,0.09510565163,1.221983008
3.73,1.091886293,0.09510565163,1.186991945
3.74,1.055406891,0.05877852523,1.114185416
3.75,1.017509999,0,1.017509999
3.76,0.9782706715,-0.05877852523,0.9194921463
3.77,0.9377680663,-0.09510565163,0.8426624147
3.78,0.8960853282,-0.09510565163,0.8009796766
3.79,0.8533094572,-0.05877852523,0.794530932
3.8,0.8095311661,0,0.8095311661
3.81,0.7648447245,0.05877852523,0.8236232497
3.82,0.7193477889,0.09510565163,0.8144534405
3.83,0.6731412224,0.09510565163,0.768246874
3.84,0.6263288996,0.05877852523,0.6851074248
3.85,0.5790175007,0,0.5790175007
3.86,0.5313162924,-0.05877852523,0.4725377672
3.87,0.4833368981,-0.09510565163,0.3882312465
3.88,0.4351930559,-0.09510565163,0.3400874043
3.89,0.3870003657,-0.05877852523,0.3282218405
3.9,0.3388760254,0,0.3388760254
3.91,0.2909385576,0.05877852523,0.3497170828
3.92,0.2433075257,0.09510565163,0.3384131773
3.93,0.1961032418,0.09510565163,0.2912088934
3.94,0.1494464648,0.05877852523,0.20822499
3.95,0.103458092,0,0.103458092
3.96,0.0582588427,-0.05877852523,-0.0005196825292
3.97,0.0139689354,-0.09510565163,-0.08113671623
3.98,-0.0292922409,-0.09510565163,-0.1243978925
3.99,-0.0714064596,-0.05877852523,-0.1301849848
4,-0.1122569942,0,-0.1122569942
4.01,-0.1517289588,0.05877852523,-0.09295043357
4.02,-0.1897096511,0.09510565163,-0.09460399947
4.03,-0.2260888961,0.09510565163,-0.1309832445
4.04,-0.2607593907,0.05877852523,-0.2019808655
4.05,-0.2936170476,0,-0.2936170476
4.06,-0.3245613366,-0.05877852523,-0.3833398618
4.07,-0.3534956238,-0.09510565163,-0.4486012754
4.08,-0.380327507,-0.09510565163,-0.4754331586
4.09,-0.404969145,-0.05877852523,-0.4637476702
4.1,-0.4273375817,0,-0.4273375817
4.11,-0.4473550625,0.05877852523,-0.3885765373
4.12,-0.4649493418,0.09510565163,-0.3698436902
4.13,-0.4800539814,0.09510565163,-0.3849483298
4.14,-0.4926086375,0.05877852523,-0.4338301123
4.15,-0.5025593361,0,-0.5025593361
4.16,-0.5098587351,-0.05877852523,-0.5686372603
4.17,-0.5144663716,-0.09510565163,-0.6095720232
4.18,-0.5163488945,-0.09510565163,-0.6114545461
4.19,-0.5154802798,-0.05877852523,-0.574258805
4.2,-0.5118420285,0,-0.5118420285
4.21,-0.505423346,0.05877852523,-0.4466448208
4.22,-0.4962213006,0.09510565163,-0.401115649
4.23,-0.4842409625,0.09510565163,-0.3891353109
4.24,-0.4694955206,0.05877852523,-0.4107169954
4.25,-0.4520063757,0,-0.4520063757
4.26,-0.4318032114,-0.05877852523,-0.4905817366
4.27,-0.4089240398,-0.09510565163,-0.5040296914
4.28,-0.383415222,-0.09510565163,-0.4785208736
4.29,-0.3553314638,-0.05877852523,-0.414109989
4.3,-0.3247357834,0,-0.3247357834
4.31,-0.2916994533,0.05877852523,-0.2329209281
4.32,-0.2563019137,0.09510565163,-0.1611962621
4.33,-0.2186306595,0.09510565163,-0.1235250079
4.34,-0.1787810975,0.05877852523,-0.1200025723
4.35,-0.1368563764,0,-0.1368563764
4.36,-0.0929671874,-0.05877852523,-0.1517457126
4.37,-0.0472315371,-0.09510565163,-0.1423371887
4.38,0.0002255084,-0.09510565163,-0.09488014323
4.39,0.0492721083,-0.05877852523,-0.009506416929
4.4,0.0997699586,0,0.0997699586
4.41,0.1515746321,0.05877852523,0.2103531573
4.42,0.2045359458,0.09510565163,0.2996415974
4.43,0.2584983536,0.09510565163,0.3536040052
4.44,0.313301366,0.05877852523,0.3720798912
4.45,0.3687799936,0,0.3687799936
4.46,0.4247652161,-0.05877852523,0.3659866909
4.47,0.4810844722,-0.09510565163,0.3859788206
4.48,0.5375621734,-0.09510565163,0.4424565218
4.49,0.5940202363,-0.05877852523,0.5352417111
4.5,0.6502786353,0,0.6502786353
4.51,0.7061559727,0.05877852523,0.7649344979
4.52,0.7614700635,0.09510565163,0.8565757151
4.53,0.8160385363,0.09510565163,0.9111441879
4.54,0.8696794455,0.05877852523,0.9284579707
4.55,0.9222118936,0,0.9222118936
4.56,0.9734566631,-0.05877852523,0.9146781379
4.57,1.023236854,-0.09510565163,0.9281312024
4.58,1.071378527,-0.09510565163,0.9762728754
4.59,1.117711345,-0.05877852523,1.05893282
4.6,1.162069218,0,1.162069218
4.61,1.204290946,0.05877852523,1.263069471
4.62,1.244220852,0.09510565163,1.339326504
4.63,1.281709412,0.09510565163,1.376815064
4.64,1.316613871,0.05877852523,1.375392396
4.65,1.348798852,0,1.348798852
4.66,1.378136943,-0.05877852523,1.319358418
4.67,1.404509271,-0.09510565163,1.309403619
4.68,1.427806056,-0.09510565163,1.332700404
4.69,1.447927135,-0.05877852523,1.38914861
4.7,1.46478247,0,1.46478247
4.71,1.478292625,0.05877852523,1.53707115
4.72,1.488389208,0.09510565163,1.58349486
4.73,1.495015284,0.09510565163,1.590120936
4.74,1.498125757,0.05877852523,1.556904282
4.75,1.497687703,0,1.497687703
4.76,1.493680678,-0.05877852523,1.434902153
4.77,1.486096971,-0.09510565163,1.390991319
4.78,1.474941823,-0.09510565163,1.379836171
4.79,1.460233598,-0.05877852523,1.401455073
4.8,1.4420039,0,1.4420039
4.81,1.420297655,0.05877852523,1.47907618
4.82,1.395173129,0.09510565163,1.490278781
4.83,1.366701905,0.09510565163,1.461807557
4.84,1.334968804,0.05877852523,1.393747329
4.85,1.300071747,0,1.300071747
4.86,1.262121577,-0.05877852523,1.203343052
4.87,1.221241814,-0.09510565163,1.126136162
4.88,1.17756836,-0.09510565163,1.082462708
4.89,1.131249153,-0.05877852523,1.072470628
4.9,1.08244376,0,1.08244376
4.91,1.031322922,0.05877852523,1.090101447
4.92,0.9780680449,0.09510565163,1.073173697
4.93,0.9228706342,0.09510565163,1.017976286
4.94,0.8659316841,0.05877852523,0.9247102093
4.95,0.8074610139,0,0.8074610139
4.96,0.7476765578,-0.05877852523,0.6888980326
4.97,0.6868036079,-0.09510565163,0.5916979563
4.98,0.6250740144,-0.09510565163,0.5299683628
4.99,0.5627253441,-0.05877852523,0.5039468189
5,0.5,0,0.5
5.01,0.4371443053,0.05877852523,0.4959228305
5.02,0.3744075552,0.09510565163,0.4695132068
5.03,0.3120410387,0.09510565163,0.4071466903
5.04,0.2502970348,0.05877852523,0.30907556
5.05,0.1894277876,0,0.1894277876
5.06,0.1296844622,-0.05877852523,0.07090593697
5.07,0.0713160869,-0.09510565163,-0.02378956473
5.08,0.0145684868,-0.09510565163,-0.08053716483
5.09,-0.0403167889,-0.05877852523,-0.09909531413
5.1,-0.09310354,0,-0.09310354
5.11,-0.1435619833,0.05877852523,-0.08478345807
5.12,-0.1914698132,0.09510565163,-0.09636416157
5.13,-0.2366132472,0.09510565163,-0.1415075956
5.14,-0.2787880536,0.05877852523,-0.2200095284
5.15,-0.3178005548,0,-0.3178005548
5.16,-0.3534686028,-0.05877852523,-0.412247128
5.17,-0.38562252,-0.09510565163,-0.4807281716
5.18,-0.4141060026,-0.09510565163,-0.5092116542
5.19,-0.4387769799,-0.05877852523,-0.4975555051
5.2,-0.4595084248,0,-0.4595084248
5.21,-0.4761891131,0.05877852523,-0.4174105879
5.22,-0.4887243232,0.09510565163,-0.3936186716
5.23,-0.4970364762,0.09510565163,-0.4019308246
5.24,-0.5010657073,0.05877852523,-0.4422871821
5.25,-0.5007703693,0,-0.5007703693
5.26,-0.4961274617,-0.05877852523,-0.5549059869
5.27,-0.4871329809,-0.09510565163,-0.5822386325
5.28,-0.473802192,-0.09510565163,-0.5689078436
5.29,-0.456169816,-0.05877852523,-0.5149483412
5.3,-0.4342901302,0,-0.4342901302
5.31,-0.4082369813,0.05877852523,-0.3494584561
5.32,-0.3781037081,0.09510565163,-0.2829980565
5.33,-0.3440029716,0.09510565163,-0.24889732
5.34,-0.3060664934,0.05877852523,-0.2472879682
5.35,-0.2644447,0,-0.2644447
5.36,-0.2193062732,-0.05877852523,-0.2780847984
5.37,-0.1708376084,-0.09510565163,-0.26594326
5.38,-0.1192421782,-0.09510565163,-0.2143478298
5.39,-0.0647398064,-0.05877852523,-0.1235183316
5.4,-0.0075658509,0,-0.0075658509
5.41,0.0520297001,0.05877852523,0.1108082253
5.42,0.113783218,0.09510565163,0.2088888696
5.43,0.1774185049,0.09510565163,0.2725241565
5.44,0.2426479428,0.05877852523,0.301426468
5.45,0.3091737181,0,0.3091737181
5.46,0.3766891137,-0.05877852523,0.3179105885
5.47,0.4448798687,-0.09510565163,0.3497742171
5.48,0.5134255942,-0.09510565163,0.4183199426
5.49,0.5820012449,-0.05877852523,0.5232227197
5.5,0.6502786353,0,0.6502786353
5.51,0.7179279988,0.05877852523,0.776706524
5.52,0.7846195777,0.09510565163,0.8797252293
5.53,0.8500252404,0.09510565163,0.945130892
5.54,0.9138201164,0.05877852523,0.9725986416
5.55,0.9756842416,0,0.9756842416
5.56,1.035304205,-0.05877852523,0.9765256798
5.57,1.092374791,-0.09510565163,0.9972691394
5.58,1.146600604,-0.09510565163,1.051494952
5.59,1.197697669,-0.05877852523,1.138919144
5.6,1.245395006,0,1.245395006
5.61,1.289436156,0.05877852523,1.348214681
5.62,1.329580659,0.09510565163,1.424686311
5.63,1.365605476,0.09510565163,1.460711128
5.64,1.397306343,0.05877852523,1.456084868
5.65,1.424499045,0,1.424499045
5.66,1.447020614,-0.05877852523,1.388242089
5.67,1.464730429,-0.09510565163,1.369624777
5.68,1.477511217,-0.09510565163,1.382405565
5.69,1.485269954,-0.05877852523,1.426491429
5.7,1.487938642,0,1.487938642
5.71,1.485474977,0.05877852523,1.544253502
5.72,1.477862883,0.09510565163,1.572968535
5.73,1.465112922,0.09510565163,1.560218574
5.74,1.447262558,0.05877852523,1.506041083
5.75,1.424376296,0,1.424376296
5.76,1.396545666,-0.05877852523,1.337767141
5.77,1.363889064,-0.09510565163,1.268783412
5.78,1.32655145,-0.09510565163,1.231445798
5.79,1.284703891,-0.05877852523,1.225925366
5.8,1.238542961,0,1.238542961
5.81,1.188289986,0.05877852523,1.247068511
5.82,1.134190146,0.09510565163,1.229295798
5.83,1.076511433,0.09510565163,1.171617085
5.84,1.015543465,0.05877852523,1.07432199
5.85,0.9515961614,0,0.9515961614
5.86,0.8849982873,-0.05877852523,0.8262197621
5.87,0.8160958705,-0.09510565163,0.7209902189
5.88,0.7452504966,-0.09510565163,0.650144845
5.89,0.6728374924,-0.05877852523,0.6140589672
5.9,0.5992440029,0,0.5992440029
5.91,0.5248669733,0.05877852523,0.5836454985
5.92,0.4501110444,0.09510565163,0.545216696
5.93,0.3753863725,0.09510565163,0.4704920241
5.94,0.3011063844,0.05877852523,0.3598849096
5.95,0.2276854808,0,0.2276854808
5.96,0.1555366979,-0.05877852523,0.09675817267
5.97,0.0850693422,-0.09510565163,-0.01003630943
5.98,0.0166866117,-0.09510565163,-0.07841903993
5.99,-0.049216785,-0.05877852523,-0.1079953102
6,-0.1122569942,0,-0.1122569942
6.01,-0.1720633564,0.05877852523,-0.1132848312
6.02,-0.2282807035,0.09510565163,-0.1331750519
6.03,-0.2805715988,0.09510565163,-0.1854659472
6.04,-0.3286185069,0.05877852523,-0.2698399817
6.05,-0.3721258789,0,-0.3721258789
6.06,-0.4108221381,-0.05877852523,-0.4696006633
6.07,-0.4444615534,-0.09510565163,-0.539567205
6.08,-0.4728259869,-0.09510565163,-0.5679316385
6.09,-0.4957265017,-0.05877852523,-0.5545050269
6.1,-0.5130048205,0,-0.5130048205
6.11,-0.5245346194,0.05877852523,-0.4657560942
6.12,-0.5302226501,0.09510565163,-0.4351169985
6.13,-0.5300096777,0.09510565163,-0.4349040261
6.14,-0.5238712263,0.05877852523,-0.4650927011
6.15,-0.5118181246,0,-0.5118181246
6.16,-0.493896843,-0.05877852523,-0.5526753682
6.17,-0.4701896187,-0.09510565163,-0.5652952703
6.18,-0.4408143624,-0.09510565163,-0.535920014
6.19,-0.4059243442,-0.05877852523,-0.4647028694
6.2,-0.3657076563,0,-0.3657076563
6.21,-0.3203864519,0.05877852523,-0.2616079267
6.22,-0.2702159626,0.09510565163,-0.175110311
6.23,-0.2154832932,0.09510565163,-0.1203776416
6.24,-0.1565060018,0.05877852523,-0.09772747657
6.25,-0.0936304667,0,-0.0936304667
6.26,-0.0272300501,-0.05877852523,-0.08600857533
6.27,0.0422969374,-0.09510565163,-0.05280871423
6.28,0.1145294566,-0.09510565163,0.01942380497
6.29,0.1890261385,-0.05877852523,0.1302476133
6.3,0.2653278447,0,0.2653278447
6.31,0.3429603802,0.05877852523,0.4017389054
6.32,0.4214373389,0.09510565163,0.5165429905
6.33,0.500263071,0.09510565163,0.5953687226
6.34,0.57893575,0.05877852523,0.6377142752
6.35,0.6569505245,0,0.6569505245
6.36,0.7338027344,-0.05877852523,0.6750242092
6.37,0.8089911708,-0.09510565163,0.7138855192
6.38,0.8820213598,-0.09510565163,0.7869157082
6.39,0.9524088493,-0.05877852523,0.8936303241
6.4,1.019682475,0,1.019682475
6.41,1.083387588,0.05877852523,1.142166113
6.42,1.143089212,0.09510565163,1.238194864
6.43,1.198375123,0.09510565163,1.293480775
6.44,1.248858818,0.05877852523,1.307637343
6.45,1.294182346,0,1.294182346
6.46,1.334019003,-0.05877852523,1.275240478
6.47,1.368075841,-0.09510565163,1.272970189
6.48,1.396095992,-0.09510565163,1.30099034
6.49,1.41786078,-0.05877852523,1.359082255
6.5,1.433191603,0,1.433191603
6.51,1.441951569,0.05877852523,1.500730094
6.52,1.444046875,0.09510565163,1.539152527
6.53,1.439427899,0.09510565163,1.534533551
6.54,1.428090023,0.05877852523,1.486868548
6.55,1.41007414,0,1.41007414
6.56,1.385466868,-0.05877852523,1.326688343
6.57,1.354400442,-0.09510565163,1.25929479
6.58,1.317052294,-0.09510565163,1.221946642
6.59,1.27364431,-0.05877852523,1.214865785
6.6,1.224441772,0,1.224441772
6.61,1.169751973,0.05877852523,1.228530498
6.62,1.109922527,0.09510565163,1.205028179
6.63,1.045339371,0.09510565163,1.140445023
6.64,0.9764244648,0.05877852523,1.03520299
6.65,0.9036332094,0,0.9036332094
6.66,0.8274515929,-0.05877852523,0.7686730677
6.67,0.7483930776,-0.09510565163,0.653287426
6.68,0.6669952512,-0.09510565163,0.5718895996
6.69,0.5838162585,-0.05877852523,0.5250377333
6.7,0.4994310392,0,0.4994310392
6.71,0.4144273927,0.05877852523,0.4732059179
6.72,0.3294018976,0.09510565163,0.4245075492
6.73,0.2449557131,0.09510565163,0.3400613647
6.74,0.1616902905,0.05877852523,0.2204688157
6.75,0.0802030251,0,0.0802030251
6.76,0.00108288,-0.05877852523,-0.05769564523
6.77,-0.0750939875,-0.09510565163,-0.1701996391
6.78,-0.1477685627,-0.09510565163,-0.2428742143
6.79,-0.2164032434,-0.05877852523,-0.2751817686
6.8,-0.280486007,0,-0.280486007
6.81,-0.3395344441,0.05877852523,-0.2807559189
6.82,-0.3930996255,0.09510565163,-0.2979939739
6.83,-0.440769771,0.09510565163,-0.3456641194
6.84,-0.4821736893,0.05877852523,-0.4233951641
6.85,-0.5169839593,0,-0.5169839593
6.86,-0.5449198241,-0.05877852523,-0.6036983493
6.87,-0.5657497717,-0.09510565163,-0.6608554233
6.88,-0.5792937781,-0.09510565163,-0.6743994297
6.89,-0.5854251885,-0.05877852523,-0.6442037137
6.9,-0.5840722193,0,-0.5840722193
6.91,-0.5752190597,0.05877852523,-0.5164405345
6.92,-0.558906562,0.09510565163,-0.4638009104
6.93,-0.535232505,0.09510565163,-0.4401268534
6.94,-0.5043514244,0.05877852523,-0.4455728992
6.95,-0.4664740037,0,-0.4664740037
6.96,-0.4218660217,-0.05877852523,-0.4806445469
6.97,-0.3708468625,-0.09510565163,-0.4659525141
6.98,-0.3137875859,-0.09510565163,-0.4088932375
6.99,-0.251108573,-0.05877852523,-0.3098870982
7,-0.1832767551,0,-0.1832767551
7.01,-0.1108024412,0.05877852523,-0.05202391597
7.02,-0.0342357648,0.09510565163,0.06086988683
7.03,0.0458372289,0.09510565163,0.1409428805
7.04,0.1287988303,0.05877852523,0.1875773555
7.05,0.2140042184,0,0.2140042184
7.06,0.3007862859,-0.05877852523,0.2420077607
7.07,0.3884607059,-0.09510565163,0.2933550543
7.08,0.4763311989,-0.09510565163,0.3812255473
7.09,0.5636949641,-0.05877852523,0.5049164389
7.1,0.6498482319,0,0.6498482319
7.11,0.7340918939,0.05877852523,0.7928704191
7.12,0.8157371688,0.09510565163,0.9108428204
7.13,0.8941112542,0.09510565163,0.9892169058
7.14,0.9685629221,0.05877852523,1.027341447
7.15,1.038468008,0,1.038468008
7.16,1.103234751,-0.05877852523,1.044456226
7.17,1.16230893,-0.09510565163,1.067203278
7.18,1.215178765,-0.09510565163,1.120073113
7.19,1.261379523,-0.05877852523,1.202600998
7.2,1.300497794,0,1.300497794
7.21,1.332175405,0.05877852523,1.39095393
7.22,1.35611291,0.09510565163,1.451218562
7.23,1.372072647,0.09510565163,1.467178299
7.24,1.37988131,0.05877852523,1.438659835
7.25,1.379432019,0,1.379432019
7.26,1.370685856,-0.05877852523,1.311907331
7.27,1.353672848,-0.09510565163,1.258567196
7.28,1.328492384,-0.09510565163,1.233386732
7.29,1.295313044,-0.05877852523,1.236534519
7.3,1.254371845,0,1.254371845
7.31,1.205972895,0.05877852523,1.26475142
7.32,1.150485453,0.09510565163,1.245591105
7.33,1.088341414,0.09510565163,1.183447066
7.34,1.020032222,0.05877852523,1.078810747
7.35,0.9461052362,0,0.9461052362
7.36,0.8671595669,-0.05877852523,0.8083810417
7.37,0.7838414172,-0.09510565163,0.6887357656
7.38,0.696838956,-0.09510565163,0.6017333044
7.39,0.6068767655,-0.05877852523,0.5480982403
7.4,0.5147099028,0,0.5147099028
7.41,0.4211176236,0.05877852523,0.4798961488
7.42,0.3268968165,0.09510565163,0.4220024681
7.43,0.2328552028,0.09510565163,0.3279608544
7.44,0.1398043592,0.05877852523,0.1985828844
7.45,0.0485526203,0,0.0485526203
7.46,-0.0401020759,-0.05877852523,-0.09888060113
7.47,-0.1253793357,-0.09510565163,-0.2204849873
7.48,-0.2065233895,-0.09510565163,-0.3016290411
7.49,-0.2828100365,-0.05877852523,-0.3415885617
7.5,-0.3535533906,0,-0.3535533906
7.51,-0.4181123648,0.05877852523,-0.3593338396
7.52,-0.4758968302,0.09510565163,-0.3807911786
7.53,-0.5263733898,0.09510565163,-0.4312677382
7.54,-0.569070709,0.05877852523,-0.5102921838
7.55,-0.6035843472,0,-0.6035843472
7.56,-0.6295810404,-0.05877852523,-0.6883595656
7.57,-0.6468023852,-0.09510565163,-0.7419080368
7.58,-0.6550678848,-0.09510565163,-0.7501735364
7.59,-0.6542773164,-0.05877852523,-0.7130558416
7.6,-0.6444123912,0,-0.6444123912
7.61,-0.6255376794,0.05877852523,-0.5667591542
7.62,-0.5978007817,0.09510565163,-0.5026951301
7.63,-0.5614317348,0.09510565163,-0.4663260832
7.64,-0.516741645,0.05877852523,-0.4579631198
7.65,-0.4641205526,0,-0.4641205526
7.66,-0.4040345344,-0.05877852523,-0.4628130596
7.67,-0.3370220613,-0.09510565163,-0.4321277129
7.68,-0.2636896355,-0.09510565163,-0.3587952871
7.69,-0.184706736,-0.05877852523,-0.2434852612
7.7,-0.100800113,0,-0.100800113
7.71,-0.0127474732,0.05877852523,0.04603105203
7.72,0.0786293906,0.09510565163,0.1737350422
7.73,0.1724719685,0.09510565163,0.2675776201
7.74,0.2678928389,0.05877852523,0.3266713641
7.75,0.3639838399,0,0.3639838399
7.76,0.4598245347,-0.05877852523,0.4010460095
7.77,0.5544908934,-0.09510565163,0.4593852418
7.78,0.6470641102,-0.09510565163,0.5519584586
7.79,0.7366394724,-0.05877852523,0.6778609472
7.8,0.8223351965,0,0.8223351965
7.81,0.9033011448,0.05877852523,0.96207967
7.82,0.9787273348,0.09510565163,1.073832986
7.83,1.047852157,0.09510565163,1.142957809
7.84,1.109970214,0.05877852523,1.168748739
7.85,1.164439702,0,1.164439702
7.86,1.210689254,-0.05877852523,1.151910729
7.87,1.248224165,-0.09510565163,1.153118513
7.88,1.276631938,-0.09510565163,1.181526286
7.89,1.295587076,-0.05877852523,1.236808551
7.9,1.304855077,0,1.304855077
7.91,1.304295556,0.05877852523,1.363074081
7.92,1.29386448,0.09510565163,1.388970132
7.93,1.273615459,0.09510565163,1.368721111
7.94,1.243700075,0.05877852523,1.3024786
7.95,1.204367237,0,1.204367237
7.96,1.155961543,-0.05877852523,1.097183018
7.97,1.098920669,-0.09510565163,1.003815017
7.98,1.033771774,-0.09510565163,0.9386661224
7.99,0.961126972,-0.05877852523,0.9023484468
8,0.8816778784,0,0.8816778784
8.01,0.7961892957,0.05877852523,0.8549678209
8.02,0.7054920731,0.09510565163,0.8005977247
8.03,0.6104752142,0.09510565163,0.7055808658
8.04,0.5120772982,0.05877852523,0.5708558234
8.05,0.4112772955,0,0.4112772955
8.06,0.3090848635,-0.05877852523,0.2503063383
8.07,0.2065302173,-0.09510565163,0.1114245657
8.08,0.1046536733,-0.09510565163,0.00954802167
8.09,0.0044949711,-0.05877852523,-0.05428355413
8.1,-0.0929175168,0,-0.0929175168
8.11,-0.1865775789,0.05877852523,-0.1277990537
8.12,-0.2755118459,0.09510565163,-0.1804061943
8.13,-0.3587902461,0.09510565163,-0.2636845945
8.14,-0.4355361242,0.05877852523,-0.376757599
8.15,-0.5049359071,0,-0.5049359071
8.16,-0.5662482125,-0.05877852523,-0.6250267377
8.17,-0.6188122943,-0.09510565163,-0.7139179459
8.18,-0.6620557248,-0.09510565163,-0.7571613764
8.19,-0.6955012236,-0.05877852523,-0.7542797488
8.2,-0.7187725467,0,-0.7187725467
8.21,-0.7315993613,0.05877852523,-0.6728208361
8.22,-0.7338210392,0.09510565163,-0.6387153876
8.23,-0.7253893145,0.09510565163,-0.6302836629
8.24,-0.7063697602,0.05877852523,-0.647591235
8.25,-0.6769420535,0,-0.6769420535
8.26,-0.6373990095,-0.05877852523,-0.6961775347
8.27,-0.5881443773,-0.09510565163,-0.6832500289
8.28,-0.529689408,-0.09510565163,-0.6247950596
8.29,-0.4626482122,-0.05877852523,-0.5214267374
8.3,-0.3877319453,0,-0.3877319453
8.31,-0.3057418661,0.05877852523,-0.2469633409
8.32,-0.2175613329,0.09510565163,-0.1224556813
8.33,-0.1241468077,0.09510565163,-0.02904115607
8.34,-0.0265179595,0.05877852523,0.03226056573
8.35,0.0742530406,0,0.0742530406
8.36,0.1770529199,-0.05877852523,0.1182743947
8.37,0.2807392847,-0.09510565163,0.1856336331
8.38,0.3841530547,-0.09510565163,0.2890474031
8.39,0.4861312165,-0.05877852523,0.4273526913
8.4,0.5855197603,0,0.5855197603
8.41,0.6811866523,0.05877852523,0.7399651775
8.42,0.7720347029,0.09510565163,0.8671403545
8.43,0.8570141772,0.09510565163,0.9521198288
8.44,0.9351350078,0.05877852523,0.993913533
8.45,1.005478462,0,1.005478462
8.46,1.067208126,-0.05877852523,1.008429601
8.47,1.119580069,-0.09510565163,1.024474417
8.48,1.161952063,-0.09510565163,1.066846411
8.49,1.193791743,-0.05877852523,1.135013218
8.5,1.21468359,0,1.21468359
8.51,1.224334654,0.05877852523,1.283113179
8.52,1.222578922,0.09510565163,1.317684574
8.53,1.209380278,0.09510565163,1.30448593
8.54,1.184833988,0.05877852523,1.243612513
8.55,1.149166675,0,1.149166675
8.56,1.102734784,-0.05877852523,1.043956259
8.57,1.046021503,-0.09510565163,0.9509158514
8.58,0.9796321882,-0.09510565163,0.8845265366
8.59,0.9042883037,-0.05877852523,0.8455097785
8.6,0.8208199435,0,0.8208199435
8.61,0.7301569964,0.05877852523,0.7889355216
8.62,0.6333190456,0.09510565163,0.7284246972
8.63,0.5314041028,0.09510565163,0.6265097544
8.64,0.4255762996,0.05877852523,0.4843548248
8.65,0.3170526646,0,0.3170526646
8.66,0.2070891354,-0.05877852523,0.1483106102
8.67,0.0969659613,-0.09510565163,0.00186030967
8.68,-0.012027336,-0.09510565163,-0.1071329876
8.69,-0.1186072702,-0.05877852523,-0.1773857954
8.7,-0.2215117831,0,-0.2215117831
8.71,-0.3195155417,0.05877852523,-0.2607370165
8.72,-0.411444951,0.09510565163,-0.3163392994
8.73,-0.4961926981,0.09510565163,-0.4010870465
8.74,-0.5727316454,0.05877852523,-0.5139531202
8.75,-0.6401278961,0,-0.6401278961
8.76,-0.6975528614,-0.05877852523,-0.7563313866
8.77,-0.7442941701,-0.09510565163,-0.8393998217
8.78,-0.7797652728,-0.09510565163,-0.8748709244
8.79,-0.8035136057,-0.05877852523,-0.8622921309
8.8,-0.8152271963,0,-0.8152271963
8.81,-0.8147396094,0.05877852523,-0.7559610842
8.82,-0.8020331517,0.09510565163,-0.7069275001
8.83,-0.7772402748,0.09510565163,-0.6821346232
8.84,-0.7406431333,0.05877852523,-0.6818646081
8.85,-0.6926712852,0,-0.6926712852
8.86,-0.6338975353,-0.05877852523,-0.6926760605
8.87,-0.5650319538,-0.09510565163,-0.6601376054
8.88,-0.4869141209,-0.09510565163,-0.5820197725
8.89,-0.4005036724,-0.05877852523,-0.4592821976
8.9,-0.3068692436,0,-0.3068692436
8.91,-0.2071759332,0.05877852523,-0.148397408
8.92,-0.102671424,0.09510565163,-0.00756577237
8.93,0.0053290782,0.09510565163,0.1004347298
8.94,0.115458913,0.05877852523,0.1742374382
8.95,0.2263168472,0,0.2263168472
8.96,0.3364845673,-0.05877852523,0.2777060421
8.97,0.4445445651,-0.09510565163,0.3494389135
8.98,0.5490981938,-0.09510565163,0.4539925422
8.99,0.6487836641,-0.05877852523,0.5900051389
9,0.7422937495,0,0.7422937495
9.01,0.8283929672,0.05877852523,0.8871714924
9.02,0.9059340097,0.09510565163,1.001039661
9.03,0.9738732021,0.09510565163,1.068978854
9.04,1.031284774,0.05877852523,1.090063299
9.05,1.07737375,0,1.07737375
9.06,1.111487262,-0.05877852523,1.052708737
9.07,1.133124135,-0.09510565163,1.038018483
9.08,1.141942585,-0.09510565163,1.046836933
9.09,1.137765909,-0.05877852523,1.078987384
9.1,1.12058607,0,1.12058607
9.11,1.090565108,0.05877852523,1.149343633
9.12,1.048034317,0.09510565163,1.143139969
9.13,0.993491195,0.09510565163,1.088596847
9.14,0.9275941578,0.05877852523,0.986372683
9.15,0.8511550736,0,0.8511550736
9.16,0.7651296873,-0.05877852523,0.7063511621
9.17,0.6706060361,-0.09510565163,0.5755003845
9.18,0.5687909881,-0.09510565163,0.4736853365
9.19,0.4609950611,-0.05877852523,0.4022165359
9.2,0.3486157046,0,0.3486157046
9.21,0.2331192508,0.05877852523,0.291897776
9.22,0.1160217642,0.09510565163,0.2111274158
9.23,-0.0011309683,0.09510565163,0.09397468333
9.24,-0.116784044,0.05877852523,-0.05800551877
9.25,-0.2293943752,0,-0.2293943752
9.26,-0.3374516646,-0.05877852523,-0.3962301898
9.27,-0.4394991403,-0.09510565163,-0.5346047919
9.28,-0.5341537634,-0.09510565163,-0.629259415
9.29,-0.6201256261,-0.05877852523,-0.6789041513
9.3,-0.696236265,0,-0.696236265
9.31,-0.7614356249,0.05877852523,-0.7026570997
9.32,-0.8148174234,0.09510565163,-0.7197117718
9.33,-0.8556326863,0.09510565163,-0.7605270347
9.34,-0.8833012428,0.05877852523,-0.8245227176
9.35,-0.8974210003,0,-0.8974210003
9.36,-0.8977748412,-0.05877852523,-0.9565533664
9.37,-0.8843350188,-0.09510565163,-0.9794406704
9.38,-0.8572649612,-0.09510565163,-0.9523706128
9.39,-0.8169184277,-0.05877852523,-0.8756969529
9.4,-0.7638359989,0,-0.7638359989
9.41,-0.6987389165,0.05877852523,-0.6399603913
9.42,-0.6225203306,0.09510565163,-0.527414679
9.43,-0.5362340459,0.09510565163,-0.4411283943
9.44,-0.441080897,0.05877852523,-0.3823023718
9.45,-0.3383929178,0,-0.3383929178
9.46,-0.2296155027,-0.05877852523,-0.2883940279
9.47,-0.1162877922,-0.09510565163,-0.2113934438
9.48,-0.0000215369,-0.09510565163,-0.09512718853
9.49,0.117521271,-0.05877852523,0.05874274577
9.5,0.2346516975,0,0.2346516975
9.51,0.3496777729,0.05877852523,0.4084562981
9.52,0.4609286676,0.09510565163,0.5560343192
9.53,0.566778796,0.09510565163,0.6618844476
9.54,0.6656714955,0.05877852523,0.7244500207
9.55,0.7561419382,0,0.7561419382
9.56,0.8368389313,-0.05877852523,0.7780604061
9.57,0.9065452802,-0.09510565163,0.8114396286
9.58,0.9641963985,-0.09510565163,0.8690907469
9.59,1.008896876,-0.05877852523,0.9501183508
9.6,1.03993474,0,1.03993474
9.61,1.056793171,0.05877852523,1.115571696
9.62,1.059159474,0.09510565163,1.154265126
9.63,1.046931149,0.09510565163,1.142036801
9.64,1.02021892,0.05877852523,1.078997445
9.65,0.9793466657,0,0.9793466657
9.66,0.9248481994,-0.05877852523,0.8660696742
9.67,0.8574609192,-0.09510565163,0.7623552676
9.68,0.7781163837,-0.09510565163,0.6830107321
9.69,0.6879279193,-0.05877852523,0.6291493941
9.7,0.5881754088,0,0.5881754088
9.71,0.4802874576,0.05877852523,0.5390659828
9.72,0.3658211728,0.09510565163,0.4609268244
9.73,0.2464398336,0.09510565163,0.3415454852
9.74,0.1238887608,0.05877852523,0.182667286
9.75,-0.0000302679,0,-0.00003026789999
9.76,-0.1234856907,-0.05877852523,-0.1822642159
9.77,-0.2446435299,-0.09510565163,-0.3397491815
9.78,-0.3616950496,-0.09510565163,-0.4568007012
9.79,-0.4728842873,-0.05877852523,-0.5316628125
9.8,-0.5765350379,0,-0.5765350379
9.81,-0.6710768742,0.05877852523,-0.612298349
9.82,-0.7550697953,0.09510565163,-0.6599641437
9.83,-0.8272271108,0.09510565163,-0.7321214592
9.84,-0.88643619,0.05877852523,-0.8276576648
9.85,-0.931776733,0,-0.931776733
9.86,-0.9625362561,-0.05877852523,-1.021314781
9.87,-0.9782225209,-0.09510565163,-1.073328173
9.88,-0.9785726795,-0.09510565163,-1.073678331
9.89,-0.9635589603,-0.05877852523,-1.022337486
9.9,-0.9333907655,0,-0.9333907655
9.91,-0.8885131075,0.05877852523,-0.8297345823
9.92,-0.8296013697,0.09510565163,-0.7344957181
9.93,-0.7575524301,0.09510565163,-0.6624467785
9.94,-0.673472248,0.05877852523,-0.6146937228
9.95,-0.578660068,0,-0.578660068
9.96,-0.4745894513,-0.05877852523,-0.5333679765
9.97,-0.3628863984,-0.09510565163,-0.45799205
9.98,-0.2453048758,-0.09510565163,-0.3404105274
9.99,-0.1237001032,-0.05877852523,-0.1824786284
10,0,0,0
10.01,0.123824776,0.05877852523,0.1826033012
10.02,0.2457917388,0.09510565163,0.3408973904
10.03,0.3639379508,0.09510565163,0.4590436024
10.04,0.4763513702,0.05877852523,0.5351298954
10.05,0.5812016688,0,0.5812016688
10.06,0.6767700216,-0.05877852523,0.6179914964
10.07,0.7614773759,-0.09510565163,0.6663717243
10.08,0.8339107328,-0.09510565163,0.7388050812
10.09,0.8928469941,-0.05877852523,0.8340684689
10.1,0.937273962,0,0.937273962
10.11,0.9664081235,0.05877852523,1.025186649
10.12,0.9797088944,0.09510565163,1.074814546
10.13,0.9768890532,0.09510565163,1.071994705
10.14,0.9579211548,0.05877852523,1.01669968
10.15,0.9230397743,0,0.9230397743
10.16,0.8727394997,-0.05877852523,0.8139609745
10.17,0.8077686597,-0.09510565163,0.7126630081
10.18,0.7291188441,-0.09510565163,0.6340131925
10.19,0.638010341,-0.05877852523,0.5792318158
10.2,0.5358736893,0,0.5358736893
10.21,0.4243276056,0.05877852523,0.4831061308
10.22,0.3051536125,0.09510565163,0.4002592641
10.23,0.1802677533,0.09510565163,0.2753734049
10.24,0.0516898274,0.05877852523,0.1104683526
10.25,-0.0784893636,0,-0.0784893636
10.26,-0.2081422421,-0.05877852523,-0.2669207673
10.27,-0.3351395916,-0.09510565163,-0.4302452432
10.28,-0.4573860317,-0.09510565163,-0.5524916833
10.29,-0.5728552389,-0.05877852523,-0.6316337641
10.3,-0.6796243186,0,-0.6796243186
10.31,-0.7759067443,0.05877852523,-0.7171282191
10.32,-0.8600832909,0.09510565163,-0.7649776393
10.33,-0.9307304206,0.09510565163,-0.835624769
10.34,-0.9866456134,0.05877852523,-0.9278670882
10.35,-1.026869181,0,-1.026869181
10.36,-1.050702157,-0.05877852523,-1.109480682
10.37,-1.057719913,-0.09510565163,-1.152825565
10.38,-1.047781233,-0.09510565163,-1.142886885
10.39,-1.02103263,-0.05877852523,-1.079811155
10.4,-0.9779077894,0,-0.9779077894
10.41,-0.9191220986,0.05877852523,-0.8603435734
10.42,-0.8456622928,0.09510565163,-0.7505566412
10.43,-0.7587713573,0.09510565163,-0.6636657057
10.44,-0.6599288868,0.05877852523,-0.6011503616
10.45,-0.550827197,0,-0.550827197
10.46,-0.433343555,-0.05877852523,-0.4921220802
10.47,-0.3095089703,-0.09510565163,-0.4046146219
10.48,-0.1814740505,-0.09510565163,-0.2765797021
10.49,-0.0514724845,-0.05877852523,-0.1102510097
10.5,0.0782172325,0,0.0782172325
10.51,0.2053111864,0.05877852523,0.2640897116
10.52,0.3275598636,0.09510565163,0.4226655152
10.53,0.4427877106,0.09510565163,0.5378933622
10.54,0.5489317351,0.05877852523,0.6077102603
10.55,0.6440784616,0,0.6440784616
10.56,0.7264985696,-0.05877852523,0.6677200444
10.57,0.7946785823,-0.09510565163,0.6995729307
10.58,0.8473490111,-0.09510565163,0.7522433595
10.59,0.8835084217,-0.05877852523,0.8247298965
10.6,0.9024429518,0,0.9024429518
10.61,0.9037408849,0.05877852523,0.9625194101
10.62,0.8873019696,0.09510565163,0.9824076212
10.63,0.8533412639,0.09510565163,0.9484469155
10.64,0.8023873773,0.05877852523,0.8611659025
10.65,0.7352750852,0,0.7352750852
10.66,0.6531323896,-0.05877852523,0.5943538644
10.67,0.5573622017,-0.09510565163,0.4622565501
10.68,0.4496189197,-0.09510565163,0.3545132681
10.69,0.3317802742,-0.05877852523,0.273001749
10.7,0.205914899,0,0.205914899
10.71,0.0742461732,0.05877852523,0.1330246984
10.72,-0.060887048,0.09510565163,0.03421860363
10.73,-0.1970721316,0.09510565163,-0.10196648
10.74,-0.3318660594,0.05877852523,-0.2730875342
10.75,-0.462839739,0,-0.462839739
10.76,-0.5876224322,-0.05877852523,-0.6464009574
10.77,-0.7039454889,-0.09510565163,-0.7990511405
10.78,-0.8096845749,-0.09510565163,-0.9047902265
10.79,-0.9028996018,-0.05877852523,-0.961678127
10.8,-0.9818715998,0,-0.9818715998
10.81,-1.045135821,0.05877852523,-0.9863572958
10.82,-1.091510424,0.09510565163,-0.9964047724
10.83,-1.120120158,0.09510565163,-1.025014506
10.84,-1.130414563,0.05877852523,-1.071636038
10.85,-1.122180288,0,-1.122180288
10.86,-1.095547236,-0.05877852523,-1.154325761
10.87,-1.050988359,-0.09510565163,-1.146094011
10.88,-0.9893130489,-0.09510565163,-1.084418701
10.89,-0.9116541709,-0.05877852523,-0.9704326961
10.9,-0.8194489317,0,-0.8194489317
10.91,-0.7144138686,0.05877852523,-0.6556353434
10.92,-0.5985143771,0.09510565163,-0.5034087255
10.93,-0.4739292975,0.09510565163,-0.3788236459
10.94,-0.343011175,0.05877852523,-0.2842326498
10.95,-0.2082429086,0,-0.2082429086
10.96,-0.07219157,-0.05877852523,-0.1309700952
10.97,0.062539755,-0.09510565163,-0.03256589663
10.98,0.193361207,-0.09510565163,0.09825555537
10.99,0.3177455461,-0.05877852523,0.2589670209
11,0.4332767551,0,0.4332767551
11.01,0.5376969145,0.05877852523,0.5964754397
11.02,0.6289504326,0.09510565163,0.7240560842
11.03,0.7052247544,0.09510565163,0.800330406
11.04,0.76498673,0.05877852523,0.8237652552
11.05,0.8070138981,0,0.8070138981
11.06,0.8304200288,-0.05877852523,0.7716415036
11.07,0.8346743746,-0.09510565163,0.739568723
11.08,0.8196141933,-0.09510565163,0.7245085417
11.09,0.7854502327,-0.05877852523,0.7266717075
11.1,0.7327649993,0,0.7327649993
11.11,0.6625037743,0.05877852523,0.7212822995
11.12,0.57595848,0.09510565163,0.6710641316
11.13,0.4747446407,0.09510565163,0.5698502923
11.14,0.3607718207,0.05877852523,0.4195503459
11.15,0.2362080574,0,0.2362080574
11.16,0.1034389265,-0.05877852523,0.04466040127
11.17,-0.034978004,-0.09510565163,-0.1300836556
11.18,-0.1763624807,-0.09510565163,-0.2714681323
11.19,-0.3179636918,-0.05877852523,-0.376742217
11.2,-0.4570142118,0,-0.4570142118
11.21,-0.5907847095,0.05877852523,-0.5320061843
11.22,-0.7166383405,0.09510565163,-0.6215326889
11.23,-0.8320837365,0.09510565163,-0.7369780849
11.24,-0.9348255232,0.05877852523,-0.876046998
11.25,-1.022811328,0,-1.022811328
11.26,-1.09427431,-0.05877852523,-1.153052835
11.27,-1.1477703,-0.09510565163,-1.242875952
11.28,-1.182208778,-0.09510565163,-1.27731443
11.29,-1.196876972,-0.05877852523,-1.255655497
11.3,-1.19145655,0,-1.19145655
11.31,-1.166032486,0.05877852523,-1.107253961
11.32,-1.121093842,0.09510565163,-1.02598819
11.33,-1.057526378,0.09510565163,-0.9624207264
11.34,-0.9765970568,0.05877852523,-0.9178185316
11.35,-0.8799306718,0,-0.8799306718
11.36,-0.7694790186,-0.05877852523,-0.8282575438
11.37,-0.6474831434,-0.09510565163,-0.742588795
11.38,-0.5164293887,-0.09510565163,-0.6115350403
11.39,-0.3790000692,-0.05877852523,-0.4377785944
11.4,-0.2380197412,0,-0.2380197412
11.41,-0.0963981248,0.05877852523,-0.03761959957
11.42,0.0429291762,0.09510565163,0.1380348278
11.43,0.1770609566,0.09510565163,0.2721666082
11.44,0.3031904579,0.05877852523,0.3619689831
11.45,0.4186639373,0,0.4186639373
11.46,0.521036529,-0.05877852523,0.4622580038
11.47,0.6081242109,-0.09510565163,0.5130185593
11.48,0.6780507596,-0.09510565163,0.582945108
11.49,0.7292886643,-0.05877852523,0.6705101391
11.5,0.7606930907,0,0.7606930907
11.51,0.7715281146,0.05877852523,0.8303066398
11.52,0.7614846037,0.09510565163,0.8565902553
11.53,0.7306892916,0.09510565163,0.8257949432
11.54,0.6797047684,0.05877852523,0.7384832936
11.55,0.6095203023,0,0.6095203023
11.56,0.5215335973,-0.05877852523,0.4627550721
11.57,0.4175237858,-0.09510565163,0.3224181342
11.58,0.2996161456,-0.09510565163,0.204510494
11.59,0.170239208,-0.05877852523,0.1114606828
11.6,0.0320750984,0,0.0320750984
11.61,-0.1119959001,0.05877852523,-0.05321737487
11.62,-0.2589554345,0.09510565163,-0.1638497829
11.63,-0.4057105792,0.09510565163,-0.3106049276
11.64,-0.549159421,0.05877852523,-0.4903808958
11.65,-0.6862573435,0,-0.6862573435
11.66,-0.8140825974,-0.05877852523,-0.8728611226
11.67,-0.9298997393,-0.09510565163,-1.025005391
11.68,-1.031219553,-0.09510565163,-1.126325205
11.69,-1.115854129,-0.05877852523,-1.174632654
11.7,-1.181965861,0,-1.181965861
11.71,-1.228109255,0.05877852523,-1.16933073
11.72,-1.253264555,0.09510565163,-1.158158903
11.73,-1.256862404,0.09510565163,-1.161756752
11.74,-1.238798896,0.05877852523,-1.180020371
11.75,-1.199440618,0,-1.199440618
11.76,-1.139619466,-0.05877852523,-1.198397991
11.77,-1.060617259,-0.09510565163,-1.155722911
11.78,-0.9641403961,-0.09510565163,-1.059246048
11.79,-0.8522850011,-0.05877852523,-0.9110635263
11.8,-0.7274932581,0,-0.7274932581
11.81,-0.592501794,0.05877852523,-0.5337232688
11.82,-0.4502831838,0.09510565163,-0.3551775322
11.83,-0.3039818023,0.09510565163,-0.2088761507
11.84,-0.1568453897,0.05877852523,-0.09806686447
11.85,-0.0121538072,0,-0.0121538072
11.86,0.1268534625,-0.05877852523,0.06807493727
11.87,0.2570494689,-0.09510565163,0.1619438173
11.88,0.375489992,-0.09510565163,0.2803843404
11.89,0.4794802001,-0.05877852523,0.4207016749
11.9,0.5666362472,0,0.5666362472
11.91,0.6349403796,0.05877852523,0.6937189048
11.92,0.6827882621,0.09510565163,0.7778939137
11.93,0.709027384,0.09510565163,0.8041330356
11.94,0.7129856003,0.05877852523,0.7717641255
11.95,0.6944890751,0,0.6944890751
11.96,0.653869121,-0.05877852523,0.5950905958
11.97,0.5919576814,-0.09510565163,0.4968520298
11.98,0.5100714498,-0.09510565163,0.4149657982
11.99,0.4099848843,-0.05877852523,0.3512063591
12,0.2938926262,0,0.2938926262
12.01,0.1643620818,0.05877852523,0.223140607
12.02,0.0242771578,0.09510565163,0.1193828094
12.03,-0.1232256469,0.09510565163,-0.02811999527
12.04,-0.2748274008,0.05877852523,-0.2160488756
12.05,-0.4271016011,0,-0.4271016011
12.06,-0.5765920615,-0.05877852523,-0.6353705867
12.07,-0.719892065,-0.09510565163,-0.8149977166
12.08,-0.8537229688,-0.09510565163,-0.9488286204
12.09,-0.9750104476,-0.05877852523,-1.033788973
12.1,-1.080956587,0,-1.080956587
12.11,-1.169106127,0.05877852523,-1.110327602
12.12,-1.237405263,0.09510565163,-1.142299611
12.13,-1.284251572,0.09510565163,-1.18914592
12.14,-1.308533827,0.05877852523,-1.249755302
12.15,-1.309660675,0,-1.309660675
12.16,-1.287577407,-0.05877852523,-1.346355932
12.17,-1.242770329,-0.09510565163,-1.337875981
12.18,-1.176258513,-0.09510565163,-1.271364165
12.19,-1.089573003,-0.05877852523,-1.148351528
12.2,-0.9847238623,0,-0.9847238623
12.21,-0.8641557146,0.05877852523,-0.8053771894
12.22,-0.7306927323,0.09510565163,-0.6355870807
12.23,-0.5874742677,0.09510565163,-0.4923686161
12.24,-0.4378825674,0.05877852523,-0.3791040422
12.25,-0.2854642084,0,-0.2854642084
12.26,-0.1338470638,-0.05877852523,-0.192625589
12.27,0.0133452737,-0.09510565163,-0.08176037793
12.28,0.1525795933,-0.09510565163,0.05747394167
12.29,0.2804976504,-0.05877852523,0.2217191252
12.3,0.3939971975,0,0.3939971975
12.31,0.490307496,0.05877852523,0.5490860212
12.32,0.5670574501,0.09510565163,0.6621631017
12.33,0.6223346632,0.09510565163,0.7174403148
12.34,0.6547339176,0.05877852523,0.7135124428
12.35,0.6633938151,0,0.6633938151
12.36,0.6480205924,-0.05877852523,0.5892420672
12.37,0.6088984192,-0.09510565163,0.5137927676
12.38,0.5468858118,-0.09510565163,0.4517801602
12.39,0.4633981242,-0.05877852523,0.404619599
12.4,0.3603764168,0,0.3603764168
12.41,0.2402433395,0.05877852523,0.2990218647
12.42,0.1058469848,0.09510565163,0.2009526364
12.43,-0.0396060256,0.09510565163,0.05549962603
12.44,-0.1926266845,0.05877852523,-0.1338481593
12.45,-0.349527194,0,-0.349527194
12.46,-0.5065100279,-0.05877852523,-0.5652885531
12.47,-0.6597603301,-0.09510565163,-0.7548659817
12.48,-0.8055394047,-0.09510565163,-0.9006450563
12.49,-0.9402770102,-0.05877852523,-0.9990555354
12.5,-1.060660172,0,-1.060660172
12.51,-1.163716289,0.05877852523,-1.104937764
12.52,-1.246888435,0.09510565163,-1.151782783
12.53,-1.30810091,0.09510565163,-1.212995258
12.54,-1.345813348,0.05877852523,-1.287034823
12.55,-1.359061915,0,-1.359061915
12.56,-1.34748648,-0.05877852523,-1.406265005
12.57,-1.311342942,-0.09510565163,-1.406448594
12.58,-1.251500286,-0.09510565163,-1.346605938
12.59,-1.1694223,-0.05877852523,-1.228200825
12.6,-1.067134284,0,-1.067134284
12.61,-0.9471754455,0.05877852523,-0.8883969203
12.62,-0.8125380635,0.09510565163,-0.7174324119
12.63,-0.6665948205,0.09510565163,-0.5714891689
12.64,-0.5130160443,0.05877852523,-0.4542375191
12.65,-0.3556788515,0,-0.3556788515
12.66,-0.1985704209,-0.05877852523,-0.2573489461
12.67,-0.045687794,-0.09510565163,-0.1407934456
12.68,0.0990632876,-0.09510565163,0.00395763597
12.69,0.2319679473,-0.05877852523,0.1731894221
12.7,0.3495975954,0,0.3495975954
12.71,0.4488987398,0.05877852523,0.507677265
12.72,0.5272728649,0.09510565163,0.6223785165
12.73,0.5826452575,0.09510565163,0.6777509091
12.74,0.6135209239,0.05877852523,0.6722994491
12.75,0.6190260534,0,0.6190260534
12.76,0.5989338383,-0.05877852523,0.5401553131
12.77,0.5536738498,-0.09510565163,0.4585681982
12.78,0.4843245898,-0.09510565163,0.3892189382
12.79,0.3925892622,-0.05877852523,0.333810737
12.8,0.280755246,0,0.280755246
12.81,0.1516381792,0.05877852523,0.2104167044
12.82,0.0085119681,0.09510565163,0.1036176197
12.83,-0.1449735801,0.09510565163,-0.04986792847
12.84,-0.3048854704,0.05877852523,-0.2461069452
12.85,-0.4671082492,0,-0.4671082492
12.86,-0.6274501972,-0.05877852523,-0.6862287224
12.87,-0.7817522555,-0.09510565163,-0.8768579071
12.88,-0.9259968618,-0.09510565163,-1.021102513
12.89,-1.056413844,-0.05877852523,-1.115192369
12.9,-1.169580566,0,-1.169580566
12.91,-1.262513655,0.05877852523,-1.20373513
12.92,-1.332749801,0.09510565163,-1.237644149
12.93,-1.37841344,0.09510565163,-1.283307788
12.94,-1.398269389,0.05877852523,-1.339490864
12.95,-1.391758934,0,-1.391758934
12.96,-1.359018265,-0.05877852523,-1.41779679
12.97,-1.300878625,-0.09510565163,-1.395984277
12.98,-1.218848008,-0.09510565163,-1.31395366
12.99,-1.115074739,-0.05877852523,-1.173853264
13,-0.9922937495,0,-0.9922937495
13.01,-0.8537568439,0.05877852523,-0.7949783187
13.02,-0.7031486708,0.09510565163,-0.6080430192
13.03,-0.5444905394,0.09510565163,-0.4493848878
13.04,-0.3820345506,0.05877852523,-0.3232560254
13.05,-0.2201508027,0,-0.2201508027
13.06,-0.063210649,-0.05877852523,-0.1219891742
13.07,0.0845308854,-0.09510565163,-0.01057476623
13.08,0.2190503617,-0.09510565163,0.1239447101
13.09,0.3366657284,-0.05877852523,0.2778872032
13.1,0.434137649,0,0.434137649
13.11,0.5087595391,0.05877852523,0.5675380643
13.12,0.5584337768,0.09510565163,0.6535394284
13.13,0.5817318958,0.09510565163,0.6768375474
13.14,0.5779369924,0.05877852523,0.6367155176
13.15,0.5470670384,0,0.5470670384
13.16,0.4898783048,-0.05877852523,0.4310997796
13.17,0.4078486345,-0.09510565163,0.3127429829
13.18,0.3031408564,-0.09510565163,0.2080352048
13.19,0.1785471735,-0.05877852523,0.1197686483
13.2,0.0374158978,0,0.0374158978
13.21,-0.1164376035,0.05877852523,-0.05765907827
13.22,-0.278833428,0.09510565163,-0.1837277764
13.23,-0.4453404076,0.09510565163,-0.350234756
13.24,-0.6113970887,0.05877852523,-0.5526185635
13.25,-0.7724371393,0,-0.7724371393
13.26,-0.9240157434,-0.05877852523,-0.9827942686
13.27,-1.061933485,-0.09510565163,-1.157039137
13.28,-1.182354256,-0.09510565163,-1.277459908
13.29,-1.281913853,-0.05877852523,-1.340692378
13.3,-1.357816167,0,-1.357816167
13.31,-1.407914168,0.05877852523,-1.349135643
13.32,-1.430773296,0.09510565163,-1.335667644
13.33,-1.425715347,0.09510565163,-1.330609695
13.34,-1.39284144,0.05877852523,-1.334062915
13.35,-1.33303328,0,-1.33303328
13.36,-1.247932462,-0.05877852523,-1.306710987
13.37,-1.13989826,-0.09510565163,-1.235003912
13.38,-1.011944874,-0.09510565163,-1.107050526
13.39,-0.8676597749,-0.05877852523,-0.9264383001
13.4,-0.7111052755,0,-0.7111052755
13.41,-0.546705993,0.05877852523,-0.4879274678
13.42,-0.3791252776,0.09510565163,-0.284019626
13.43,-0.2131340291,0.09510565163,-0.1180283775
13.44,-0.0534755725,0.05877852523,0.005302952729
13.45,0.0952695856,0,0.0952695856
13.46,0.228815262,-0.05877852523,0.1700367368
13.47,0.3432935699,-0.09510565163,0.2481879183
13.48,0.4353677497,-0.09510565163,0.3402620981
13.49,0.5023305304,-0.05877852523,0.4435520052
13.5,0.5421850785,0,0.5421850785
13.51,0.5537060636,0.05877852523,0.6124845888
13.52,0.5364789199,0.09510565163,0.6315845715
13.53,0.4909159924,0.09510565163,0.586021644
13.54,0.4182489144,0.05877852523,0.4770274396
13.55,0.3204972414,0,0.3204972414
13.56,0.2004140592,-0.05877852523,0.141635534
13.57,0.0614099551,-0.09510565163,-0.03369569653
13.58,-0.0925426123,-0.09510565163,-0.1876482639
13.59,-0.2570219214,-0.05877852523,-0.3158004466
13.6,-0.4272834308,0,-0.4272834308
13.61,-0.5983964768,0.05877852523,-0.5396179516
13.62,-0.7653873147,0.09510565163,-0.6702816631
13.63,-0.9233843658,0.09510565163,-0.8282787142
13.64,-1.067761432,0.05877852523,-1.008982907
13.65,-1.194274656,0,-1.194274656
13.66,-1.299189147,-0.05877852523,-1.357967672
13.67,-1.379391468,-0.09510565163,-1.47449712
13.68,-1.432484543,-0.09510565163,-1.527590195
13.69,-1.456862048,-0.05877852523,-1.515640573
13.7,-1.451759917,0,-1.451759917
13.71,-1.417283255,0.05877852523,-1.35850473
13.72,-1.35440766,0.09510565163,-1.259302008
13.73,-1.264954711,0.09510565163,-1.169849059
13.74,-1.151542146,0.05877852523,-1.092763621
13.75,-1.017509999,0,-1.017509999
13.76,-0.8668247317,-0.05877852523,-0.9256032569
13.77,-0.7039640138,-0.09510565163,-0.7990696654
13.78,-0.5337854768,-0.09510565163,-0.6288911284
13.79,-0.3613832228,-0.05877852523,-0.420161748
13.8,-0.1919363074,0,-0.1919363074
13.81,-0.0305536808,0.05877852523,0.02822484443
13.82,0.1178797744,0.09510565163,0.212985426
13.83,0.2488514585,0.09510565163,0.3439571101
13.84,0.3583590078,0.05877852523,0.417137533
13.85,0.4430337319,0,0.4430337319
13.86,0.5002456846,-0.05877852523,0.4414671594
13.87,0.5281870386,-0.09510565163,0.433081387
13.88,0.5259310596,-0.09510565163,0.430825408
13.89,0.4934646951,-0.05877852523,0.4346861699
13.9,0.4316935749,0,0.4316935749
13.91,0.3424190537,0.05877852523,0.4011975789
13.92,0.2282877738,0.09510565163,0.3233934254
13.93,0.0927150727,0.09510565163,0.1878207243
13.94,-0.0602156261,0.05877852523,-0.001437100871
13.95,-0.2258745453,0,-0.2258745453
13.96,-0.3992248383,-0.05877852523,-0.4580033635
13.97,-0.5749752821,-0.09510565163,-0.6700809337
13.98,-0.7477417833,-0.09510565163,-0.8428474349
13.99,-0.9122127867,-0.05877852523,-0.9709913119
14,-1.06331351,0,-1.06331351
14.01,-1.19636392,0.05877852523,-1.137585395
14.02,-1.307225502,0.09510565163,-1.21211985
14.03,-1.39243219,0.09510565163,-1.297326538
14.04,-1.449301269,0.05877852523,-1.390522744
14.05,-1.476020636,0,-1.476020636
14.06,-1.47170952,-0.05877852523,-1.530488045
14.07,-1.436450564,-0.09510565163,-1.531556216
14.08,-1.371292041,-0.09510565163,-1.466397693
14.09,-1.278219887,-0.05877852523,-1.336998412
14.1,-1.160100222,0,-1.160100222
14.11,-1.020593892,0.05877852523,-0.9618153668
14.12,-0.8640455353,0.09510565163,-0.7689398837
14.13,-0.6953504304,0.09510565163,-0.6002447788
14.14,-0.5198031695,0.05877852523,-0.4610246443
14.15,-0.342932776,0,-0.342932776
14.16,-0.1703293728,-0.05877852523,-0.229107898
14.17,-0.0074678154,-0.09510565163,-0.102573467
14.18,0.1404661456,-0.09510565163,0.04536049397
14.19,0.2687416421,-0.05877852523,0.2099631169
14.2,0.3732350756,0,0.3732350756
14.21,0.4505641648,0.05877852523,0.50934269
14.22,0.498199242,0.09510565163,0.5933048936
14.23,0.5145480716,0.09510565163,0.6096537232
14.24,0.4990112771,0.05877852523,0.5577898023
14.25,0.4520063757,0,0.4520063757
14.26,0.3749594089,-0.05877852523,0.3161808837
14.27,0.2702641866,-0.09510565163,0.175158535
14.28,0.1412102032,-0.09510565163,0.04610455157
14.29,-0.0081186958,-0.05877852523,-0.06689722103
14.3,-0.1729718613,0,-0.1729718613
14.31,-0.3480816879,0.05877852523,-0.2893031627
14.32,-0.527831094,0.09510565163,-0.4327254424
14.33,-0.706433354,0.09510565163,-0.6113277024
14.34,-0.8781185523,0.05877852523,-0.8193400271
14.35,-1.037320663,0,-1.037320663
14.36,-1.178859188,-0.05877852523,-1.237637713
14.37,-1.298109391,-0.09510565163,-1.393215043
14.38,-1.391155523,-0.09510565163,-1.486261175
14.39,-1.454921872,-0.05877852523,-1.513700397
14.4,-1.487277234,0,-1.487277234
14.41,-1.487109141,0.05877852523,-1.428330616
14.42,-1.454365215,0.09510565163,-1.359259563
14.43,-1.390060029,0.09510565163,-1.294954377
14.44,-1.296246983,0.05877852523,-1.237468458
14.45,-1.175955864,0,-1.175955864
14.46,-1.033097867,-0.05877852523,-1.091876392
14.47,-0.8723409841,-0.09510565163,-0.9674466357
14.48,-0.6989596302,-0.09510565163,-0.7940652818
14.49,-0.5186632904,-0.05877852523,-0.5774418156
14.5,-0.3374097053,0,-0.3374097053
14.51,-0.1612086659,0.05877852523,-0.1024301407
14.52,0.0040771358,0.09510565163,0.09918278743
14.53,0.1529276028,0.09510565163,0.2480332544
14.54,0.2803505383,0.05877852523,0.3391290635
14.55,0.3820505066,0,0.3820505066
14.56,0.4545754863,-0.05877852523,0.3957969611
14.57,0.4954362451,-0.09510565163,0.4003305935
14.58,0.503194236,-0.09510565163,0.4080885844
14.59,0.4775148275,-0.05877852523,0.4187363023
14.6,0.4191838219,0,0.4191838219
14.61,0.3300864276,0.05877852523,0.3888649528
14.62,0.2131491111,0.09510565163,0.3082547627
14.63,0.072246009,0.09510565163,0.1673516606
14.64,-0.0879272091,0.05877852523,-0.02914868387
14.65,-0.2620080074,0,-0.2620080074
14.66,-0.4441451628,-0.05877852523,-0.502923688
14.67,-0.6281945911,-0.09510565163,-0.7233002427
14.68,-0.8079263104,-0.09510565163,-0.903031962
14.69,-0.977235592,-0.05877852523,-1.036014117
14.7,-1.130351144,0,-1.130351144
14.71,-1.262033215,0.05877852523,-1.20325469
14.72,-1.367754776,0.09510565163,-1.272649124
14.73,-1.443859479,0.09510565163,-1.348753827
14.74,-1.487690794,0.05877852523,-1.428912269
14.75,-1.497687703,0,-1.497687703
14.76,-1.473443407,-0.05877852523,-1.532221932
14.77,-1.415724763,-0.09510565163,-1.510830415
14.78,-1.326451477,-0.09510565163,-1.421557129
14.79,-1.208635488,-0.05877852523,-1.267414013
14.8,-1.066282313,0,-1.066282313
14.81,-0.9042575021,0.05877852523,-0.8454789769
14.82,-0.7281225424,0.09510565163,-0.6330168908
14.83,-0.5439456803,0.09510565163,-0.4488400287
14.84,-0.3580940263,0.05877852523,-0.2993155011
14.85,-0.1770140257,0,-0.1770140257
14.86,-0.0070078423,-0.05877852523,-0.06578636753
14.87,0.1459865919,-0.09510565163,0.05088094027
14.88,0.2766041663,-0.09510565163,0.1814985147
14.89,0.3802424519,-0.05877852523,0.3214639267
14.9,0.4532260613,0,0.4532260613
14.91,0.4929395645,0.05877852523,0.5517180897
14.92,0.4979240696,0.09510565163,0.5930297212
14.93,0.467933813,0.09510565163,0.5630394646
14.94,0.4039504723,0.05877852523,0.4627289975
14.95,0.3081543896,0,0.3081543896
14.96,0.1838533988,-0.05877852523,0.1250748736
14.97,0.0353714596,-0.09510565163,-0.05973419203
14.98,-0.1320992677,-0.09510565163,-0.2272049193
14.99,-0.3126779373,-0.05877852523,-0.3714564625
15,-0.5,0,-0.5
15.01,-0.6874405657,0.05877852523,-0.6286620405
15.02,-0.8683483498,0.09510565163,-0.7732426982
15.03,-1.036281959,0.09510565163,-0.9411763074
15.04,-1.185240121,0.05877852523,-1.126461596
15.05,-1.309877603,0,-1.309877603
15.06,-1.405699003,-0.05877852523,-1.464477528
15.07,-1.469223328,-0.09510565163,-1.56432898
15.08,-1.498113249,-0.09510565163,-1.593218901
15.09,-1.491264141,-0.05877852523,-1.550042666
15.1,-1.448849425,0,-1.448849425
15.11,-1.372320258,0.05877852523,-1.313541733
15.12,-1.264359244,0.09510565163,-1.169253592
15.13,-1.128789516,0.09510565163,-1.033683864
15.14,-0.9704421286,0.05877852523,-0.9116636034
15.15,-0.7949862555,0,-0.7949862555
15.16,-0.6087280672,-0.05877852523,-0.6675065924
15.17,-0.4183853445,-0.09510565163,-0.5134909961
15.18,-0.2308458287,-0.09510565163,-0.3259514803
15.19,-0.0529179673,-0.05877852523,-0.1116964925
15.2,0.1089169335,0,0.1089169335
15.21,0.2487421148,0.05877852523,0.30752064
15.22,0.3614235947,0.09510565163,0.4565292463
15.23,0.4428011165,0.09510565163,0.5379067681
15.24,0.4898446358,0.05877852523,0.548623161
15.25,0.5007703693,0,0.5007703693
15.26,0.4751118595,-0.05877852523,0.4163333343
15.27,0.4137431207,-0.09510565163,0.3186374691
15.28,0.3188526729,-0.09510565163,0.2237470213
15.29,0.1938690632,-0.05877852523,0.135090538
15.3,0.0433402698,0,0.0433402698
15.31,-0.1272288923,0.05877852523,-0.06845036707
15.32,-0.3115756607,0.09510565163,-0.2164700091
15.33,-0.5029074118,0.09510565163,-0.4078017602
15.34,-0.6941507072,0.05877852523,-0.635372182
15.35,-0.878212212,0,-0.878212212
15.36,-1.048241882,-0.05877852523,-1.107020407
15.37,-1.197888647,-0.09510565163,-1.292994299
15.38,-1.321539023,-0.09510565163,-1.416644675
15.39,-1.414529626,-0.05877852523,-1.473308151
15.4,-1.473325474,0,-1.473325474
15.41,-1.495657169,0.05877852523,-1.436878644
15.42,-1.480611524,0.09510565163,-1.385505872
15.43,-1.428671918,0.09510565163,-1.333566266
15.44,-1.341706493,0.05877852523,-1.282927968
15.45,-1.222904273,0,-1.222904273
15.46,-1.076661235,-0.05877852523,-1.13543976
15.47,-0.9084202684,-0.09510565163,-1.00352592
15.48,-0.7244707255,-0.09510565163,-0.8195763771
15.49,-0.5317148549,-0.05877852523,-0.5904933801
15.5,-0.3374097053,0,-0.3374097053
15.51,-0.1488941021,0.05877852523,-0.09011557687
15.52,0.0266890574,0.09510565163,0.121794709
15.53,0.1826646859,0.09510565163,0.2777703375
15.54,0.3130811857,0.05877852523,0.3718597109
15.55,0.4129400854,0,0.4129400854
15.56,0.4783906935,-0.05877852523,0.4196121683
15.57,0.5068821004,-0.09510565163,0.4117764488
15.58,0.4972664151,-0.09510565163,0.4021607635
15.59,0.4498489464,-0.05877852523,0.3910704212
15.6,0.3663830308,0,0.3663830308
15.61,0.2500093142,0.05877852523,0.3087878394
15.62,0.105141429,0.09510565163,0.2002470806
15.63,-0.0626979181,0.09510565163,0.03240773353
15.64,-0.2470844837,0.05877852523,-0.1883059585
15.65,-0.4409359608,0,-0.4409359608
15.66,-0.6367822426,-0.05877852523,-0.6955607678
15.67,-0.8270522192,-0.09510565163,-0.9221578708
15.68,-1.00436613,-0.09510565163,-1.099471782
15.69,-1.16182218,-0.05877852523,-1.220600705
15.7,-1.293266267,0,-1.293266267
15.71,-1.393534216,0.05877852523,-1.334755691
15.72,-1.458656924,0.09510565163,-1.363551272
15.73,-1.48602014,0.09510565163,-1.390914488
15.74,-1.474472371,0.05877852523,-1.415693846
15.75,-1.424376296,0,-1.424376296
15.76,-1.337601325,-0.05877852523,-1.39637985
15.77,-1.217457148,-0.09510565163,-1.3125628
15.78,-1.068570493,-0.09510565163,-1.163676145
15.79,-0.8967095104,-0.05877852523,-0.9554880356
15.8,-0.7085623416,0,-0.7085623416
15.81,-0.5114782361,0.05877852523,-0.4526997109
15.82,-0.3131811747,0.09510565163,-0.2180755231
15.83,-0.1214670867,0.09510565163,-0.02636143507
15.84,0.0561034911,0.05877852523,0.1148820163
15.85,0.2125051992,0,0.2125051992
15.86,0.3415281623,-0.05877852523,0.2827496371
15.87,0.4380275762,-0.09510565163,0.3429219246
15.88,0.4981324562,-0.09510565163,0.4030268046
15.89,0.5194049699,-0.05877852523,0.4606264447
15.9,0.5009436746,0,0.5009436746
15.91,0.4434261586,0.05877852523,0.5022046838
15.92,0.3490889655,0.09510565163,0.4441946171
15.93,0.221645172,0.09510565163,0.3167508236
15.94,0.066142481,0.05877852523,0.1249210062
15.95,-0.1112328978,0,-0.1112328978
15.96,-0.3033990937,-0.05877852523,-0.3621776189
15.97,-0.5026587248,-0.09510565163,-0.5977643764
15.98,-0.70100535,-0.09510565163,-0.7961110016
15.99,-0.8904440773,-0.05877852523,-0.9492226025
16,-1.06331351,0,-1.06331351
16.01,-1.212596058,0.05877852523,-1.153817533
16.02,-1.332203994,0.09510565163,-1.237098342
16.03,-1.417229542,0.09510565163,-1.32212389
16.04,-1.4641486,0.05877852523,-1.405370075
16.05,-1.470969546,0,-1.470969546
16.06,-1.437320698,-0.05877852523,-1.496099223
16.07,-1.364472457,-0.09510565163,-1.459578109
16.08,-1.255292789,-0.09510565163,-1.350398441
16.09,-1.114137389,-0.05877852523,-1.172915914
16.1,-0.9466785882,0,-0.9466785882
16.11,-0.7596795375,0.05877852523,-0.7009010123
16.12,-0.5607225539,0.09510565163,-0.4656169023
16.13,-0.3579024212,0.09510565163,-0.2627967696
16.14,-0.1594969854,0.05877852523,-0.1007184602
16.15,0.0263715991,0,0.0263715991
16.16,0.1920711113,-0.05877852523,0.1332925861
16.17,0.3307752177,-0.09510565163,0.2356695661
16.18,0.4367479976,-0.09510565163,0.341642346
16.19,0.5055850926,-0.05877852523,0.4468065674
16.2,0.5344012297,0,0.5344012297
16.21,0.521955999,0.05877852523,0.5807345242
16.22,0.4687122636,0.09510565163,0.5638179152
16.23,0.3768243214,0.09510565163,0.471929973
16.24,0.2500558356,0.05877852523,0.3088343608
16.25,0.0936304667,0,0.0936304667
16.26,-0.0859790355,-0.05877852523,-0.1447575607
16.27,-0.2813149154,-0.09510565163,-0.376420567
16.28,-0.4842410144,-0.09510565163,-0.579346666
16.29,-0.6862793843,-0.05877852523,-0.7450579095
16.3,-0.8789630412,0,-0.8789630412
16.31,-1.054190207,0.05877852523,-0.9954116818
16.32,-1.204565206,0.09510565163,-1.109459554
16.33,-1.323711618,0.09510565163,-1.228605966
16.34,-1.406544368,0.05877852523,-1.347765843
16.35,-1.449488997,0,-1.449488997
16.36,-1.450638571,-0.05877852523,-1.509417096
16.37,-1.409841148,-0.09510565163,-1.5049468
16.38,-1.328713688,-0.09510565163,-1.42381934
16.39,-1.210581286,-0.05877852523,-1.269359811
16.4,-1.060343824,0,-1.060343824
16.41,-0.8842751924,0.05877852523,-0.8254966672
16.42,-0.689763149,0.09510565163,-0.5946574974
16.43,-0.485000461,0.09510565163,-0.3898948094
16.44,-0.2786401394,0.05877852523,-0.2198616142
16.45,-0.0794292005,0,-0.0794292005
16.46,0.1041635804,-0.05877852523,0.04538505517
16.47,0.2643100784,-0.09510565163,0.1692044268
16.48,0.3941598422,-0.09510565163,0.2990541906
16.49,0.4881371455,-0.05877852523,0.4293586203
16.5,0.5421850785,0,0.5421850785
16.51,0.5539458595,0.05877852523,0.6127243847
16.52,0.522869202,0.09510565163,0.6179748536
16.53,0.4502435986,0.09510565163,0.5453492502
16.54,0.3391486651,0.05877852523,0.3979271903
16.55,0.1943300695,0,0.1943300695
16.56,0.0220019306,-0.05877852523,-0.03677659463
16.57,-0.170415264,-0.09510565163,-0.2655209156
16.58,-0.3746103148,-0.09510565163,-0.4697159664
16.59,-0.5817372326,-0.05877852523,-0.6405157578
16.6,-0.7827962632,0,-0.7827962632
16.61,-0.9690236491,0.05877852523,-0.9102451239
16.62,-1.132273247,0.09510565163,-1.037167595
16.63,-1.265373352,0.09510565163,-1.1702677
16.64,-1.362443015,0.05877852523,-1.30366449
16.65,-1.419153803,0,-1.419153803
16.66,-1.432925203,-0.05877852523,-1.491703728
16.67,-1.403044702,-0.09510565163,-1.498150354
16.68,-1.330706783,-0.09510565163,-1.425812435
16.69,-1.218968588,-0.05877852523,-1.277747113
16.7,-1.072623667,0,-1.072623667
16.71,-0.8979987877,0.05877852523,-0.8392202625
16.72,-0.7026822612,0.09510565163,-0.6075766096
16.73,-0.4951952725,0.09510565163,-0.4000896209
16.74,-0.2846203421,0.05877852523,-0.2258418169
16.75,-0.0802030251,0,-0.0802030251
16.76,0.1090557288,-0.05877852523,0.05027720357
16.77,0.274798584,-0.09510565163,0.1796929324
16.78,0.4096844693,-0.09510565163,0.3145788177
16.79,0.5077181748,-0.05877852523,0.4489396496
16.8,0.5645219814,0,0.5645219814
16.81,0.5775368726,0.05877852523,0.6363153978
16.82,0.5461439121,0.09510565163,0.6412495637
16.83,0.4716998608,0.09510565163,0.5668055124
16.84,0.3574848826,0.05877852523,0.4162634078
16.85,0.208564101,0,0.208564101
16.86,0.031568632,-0.05877852523,-0.02720989323
16.87,-0.1655946286,-0.09510565163,-0.2607002802
16.88,-0.3740919238,-0.09510565163,-0.4691975754
16.89,-0.5845549883,-0.05877852523,-0.6433335135
16.9,-0.7874994928,0,-0.7874994928
16.91,-0.9737509338,0.05877852523,-0.9149724086
16.92,-1.134858838,0.09510565163,-1.039753186
16.93,-1.263480537,0.09510565163,-1.168374885
16.94,-1.353716998,0.05877852523,-1.294938473
16.95,-1.401385209,0,-1.401385209
16.96,-1.404214413,-0.05877852523,-1.462992938
16.97,-1.361956783,-0.09510565163,-1.457062435
16.98,-1.276406974,-0.09510565163,-1.371512626
16.99,-1.151329088,-0.05877852523,-1.210107613
17,-0.9922937495,0,-0.9922937495
17.01,-0.8064321402,0.05877852523,-0.747653615
17.02,-0.6021176527,0.09510565163,-0.5070120011
17.03,-0.3885892202,0.09510565163,-0.2934835686
17.04,-0.1755331437,0.05877852523,-0.1167546185
17.05,0.0273577355,0,0.0273577355
17.06,0.2108274851,-0.05877852523,0.1520489599
17.07,0.3664828516,-0.09510565163,0.2713772
17.08,0.4871817014,-0.09510565163,0.3920760498
17.09,0.5673660555,-0.05877852523,0.5085875303
17.1,0.6033240439,0,0.6033240439
17.11,0.5933682645,0.05877852523,0.6521467897
17.12,0.5379217887,0.09510565163,0.6330274403
17.13,0.4395072523,0.09510565163,0.5346129039
17.14,0.302638912,0.05877852523,0.3614174372
17.15,0.1336220399,0,0.1336220399
17.16,-0.0597316508,-0.05877852523,-0.118510176
17.17,-0.2684598935,-0.09510565163,-0.3635655451
17.18,-0.4828610079,-0.09510565163,-0.5779666595
17.19,-0.6929415416,-0.05877852523,-0.7517200668
17.2,-0.888879823,0,-0.888879823
17.21,-1.061483936,0.05877852523,-1.002705411
17.22,-1.202622727,0.09510565163,-1.107517075
17.23,-1.305609555,0.09510565163,-1.210503903
17.24,-1.365520542,0.05877852523,-1.306742017
17.25,-1.379432019,0,-1.379432019
17.26,-1.346565531,-0.05877852523,-1.405344056
17.27,-1.268333009,-0.09510565163,-1.363438661
17.28,-1.148279352,-0.09510565163,-1.243385004
17.29,-0.9919244713,-0.05877852523,-1.050702997
17.3,-0.8065115805,0,-0.8065115805
17.31,-0.6006730066,0.05877852523,-0.5418944814
17.32,-0.3840287535,0.09510565163,-0.2889231019
17.33,-0.1667363518,0.09510565163,-0.07163070017
17.34,0.0409870339,0.05877852523,0.09976555913
17.35,0.2293477959,0,0.2293477959
17.36,0.389441509,-0.05877852523,0.3306629838
17.37,0.5136787918,-0.09510565163,0.4185731402
17.38,0.5961509245,-0.09510565163,0.5010452729
17.39,0.632917458,-0.05877852523,0.5741389328
17.4,0.6222016305,0,0.6222016305
17.41,0.5644836941,0.05877852523,0.6232622193
17.42,0.4624870568,0.09510565163,0.5575927084
17.43,0.3210572237,0.09510565163,0.4161628753
17.44,0.1469386502,0.05877852523,0.2057171754
17.45,-0.0515404512,0,-0.0515404512
17.46,-0.2648608236,-0.05877852523,-0.3236393488
17.47,-0.4827640422,-0.09510565163,-0.5778696938
17.48,-0.6947422173,-0.09510565163,-0.7898478689
17.49,-0.8905422094,-0.05877852523,-0.9493207346
17.5,-1.060660172,0,-1.060660172
17.51,-1.196802518,0.05877852523,-1.138023993
17.52,-1.292290858,0.09510565163,-1.197185206
17.53,-1.342390992,0.09510565163,-1.24728534
17.54,-1.344549563,0.05877852523,-1.285771038
17.55,-1.298526339,0,-1.298526339
17.56,-1.206415054,-0.05877852523,-1.265193579
17.57,-1.072551104,-0.09510565163,-1.167656756
17.58,-0.9033098581,-0.09510565163,-0.9984155097
17.59,-0.7068047429,-0.05877852523,-0.7655832681
17.6,-0.4924991421,0,-0.4924991421
17.61,-0.2707505206,0.05877852523,-0.2119719954
17.62,-0.0523085887,0.09510565163,0.04279706293
17.63,0.1522082563,0.09510565163,0.2473139079
17.64,0.3328327312,0.05877852523,0.3916112564
17.65,0.4807392355,0,0.4807392355
17.66,0.5886809468,-0.05877852523,0.5299024216
17.67,0.6513516603,-0.09510565163,0.5562460087
17.68,0.6656541207,-0.09510565163,0.5705484691
17.69,0.6308610649,-0.05877852523,0.5720825397
17.7,0.5486603775,0,0.5486603775
17.71,0.4230814142,0.05877852523,0.4818599394
17.72,0.2603053898,0.09510565163,0.3554110414
17.73,0.0683684853,0.09510565163,0.1634741369
17.74,-0.1432283052,0.05877852523,-0.08444977997
17.75,-0.3639838399,0,-0.3639838399
17.76,-0.5829134299,-0.05877852523,-0.6416919551
17.77,-0.7890920503,-0.09510565163,-0.8841977019
17.78,-0.9721973341,-0.09510565163,-1.067302986
17.79,-1.123025329,-0.05877852523,-1.181803854
17.8,-1.233953167,0,-1.233953167
17.81,-1.29932524,0.05877852523,-1.240546715
17.82,-1.315743139,0.09510565163,-1.220637487
17.83,-1.282244277,0.09510565163,-1.187138625
17.84,-1.200359565,0.05877852523,-1.14158104
17.85,-1.074046506,0,-1.074046506
17.86,-0.9095003101,-0.05877852523,-0.9682788353
17.87,-0.7148517446,-0.09510565163,-0.8099573962
17.88,-0.499766214,-0.09510565163,-0.5948718656
17.89,-0.2749636359,-0.05877852523,-0.3337421611
17.9,-0.0516828011,0,-0.0516828011
17.91,0.1588831091,0.05877852523,0.2176616343
17.92,0.3461515362,0.09510565163,0.4412571878
17.93,0.5006875358,0.09510565163,0.5957931874
17.94,0.6146854126,0.05877852523,0.6734639378
17.95,0.6823702639,0,0.6823702639
17.96,0.7002985859,-0.05877852523,0.6415200607
17.97,0.6675420622,-0.09510565163,0.5724364106
17.98,0.5857444877,-0.09510565163,0.4906388361
17.99,0.45904815,-0.05877852523,0.4002696248
18,0.2938926262,0,0.2938926262
18.01,0.0986954692,0.05877852523,0.1574739944
18.02,-0.1165696344,0.09510565163,-0.02146398277
18.03,-0.3408763098,0.09510565163,-0.2457706582
18.04,-0.5627052848,0.05877852523,-0.5039267596
18.05,-0.7706322045,0,-0.7706322045
18.06,-0.9539135041,-0.05877852523,-1.012692029
18.07,-1.103040262,-0.09510565163,-1.198145914
18.08,-1.21023138,-0.09510565163,-1.305337032
18.09,-1.26984036,-0.05877852523,-1.328618885
18.1,-1.278654195,0,-1.278654195
18.11,-1.236068335,0.05877852523,-1.17728981
18.12,-1.144127914,0.09510565163,-1.049022262
18.13,-1.007432335,0.09510565163,-0.9123266834
18.14,-0.8329072857,0.05877852523,-0.7741287605
18.15,-0.6294552081,0,-0.6294552081
18.16,-0.4075015968,-0.05877852523,-0.466280122
18.17,-0.1784600335,-0.09510565163,-0.2735656851
18.18,0.0458567381,-0.09510565163,-0.04924891353
18.19,0.2538494021,-0.05877852523,0.1950708769
18.2,0.4347365723,0,0.4347365723
18.21,0.5791196586,0.05877852523,0.6378981838
18.22,0.6794783818,0.09510565163,0.7745840334
18.23,0.7305706424,0.09510565163,0.825676294
18.24,0.7297152563,0.05877852523,0.7884937815
18.25,0.6769420535,0,0.6769420535
18.26,0.575000676,-0.05877852523,0.5162221508
18.27,0.4292267624,-0.09510565163,0.3341211108
18.28,0.2472716906,-0.09510565163,0.152166039
18.29,0.0387092663,-0.05877852523,-0.02006925893
18.3,-0.1854606822,0,-0.1854606822
18.31,-0.4133862661,0.05877852523,-0.3546077409
18.32,-0.6329852476,0.09510565163,-0.537879596
18.33,-0.8325819594,0.09510565163,-0.7374763078
18.34,-1.001525855,0.05877852523,-0.9427473298
18.35,-1.130758852,0,-1.130758852
18.36,-1.213301097,-0.05877852523,-1.272079622
18.37,-1.244628921,-0.09510565163,-1.339734573
18.38,-1.222924253,-0.09510565163,-1.318029905
18.39,-1.14918149,-0.05877852523,-1.207960015
18.4,-1.027165269,0,-1.027165269
18.41,-0.86322051,0.05877852523,-0.8044419848
18.42,-0.665943973,0.09510565163,-0.5708383214
18.43,-0.4457340373,0.09510565163,-0.3506283857
18.44,-0.2142420316,0.05877852523,-0.1554635064
18.45,0.0162461195,0,0.0162461195
18.46,0.2334652355,-0.05877852523,0.1746867103
18.47,0.4258282944,-0.09510565163,0.3307226428
18.48,0.5830506546,-0.09510565163,0.487945003
18.49,0.69670735,-0.05877852523,0.6379288248
18.5,0.7606930907,0,0.7606930907
18.51,0.7715596232,0.05877852523,0.8303381484
18.52,0.7287115423,0.09510565163,0.8238171939
18.53,0.6344491492,0.09510565163,0.7295548008
18.54,0.4938551334,0.05877852523,0.5526336586
18.55,0.3145302824,0,0.3145302824
18.56,0.1061916296,-0.05877852523,0.04741310437
18.57,-0.1198459968,-0.09510565163,-0.2149516484
18.58,-0.3512775919,-0.09510565163,-0.4463832435
18.59,-0.5754722894,-0.05877852523,-0.6342508146
18.6,-0.7801585949,0,-0.7801585949
18.61,-0.9540933741,0.05877852523,-0.8953148489
18.62,-1.087678051,0.09510565163,-0.9925723994
18.63,-1.173488101,0.09510565163,-1.078382449
18.64,-1.206686425,0.05877852523,-1.1479079
18.65,-1.185297319,0,-1.185297319
18.66,-1.110325241,-0.05877852523,-1.169103766
18.67,-0.9857109425,-0.09510565163,-1.080816594
18.68,-0.8181264339,-0.09510565163,-0.9132320855
18.69,-0.6166190654,-0.05877852523,-0.6753975906
18.7,-0.3921234133,0,-0.3921234133
18.71,-0.1568670318,0.05877852523,-0.09808850657
18.72,0.0762978287,0.09510565163,0.1714034803
18.73,0.2946001349,0.09510565163,0.3897057865
18.74,0.4860548869,0.05877852523,0.5448334121
18.75,0.6401278961,0,0.6401278961
18.76,0.7483235334,-0.05877852523,0.6895450082
18.77,0.8046624608,-0.09510565163,0.7095568092
18.78,0.8060222294,-0.09510565163,0.7109165778
18.79,0.752321052,-0.05877852523,0.6935425268
18.8,0.6465336229,0,0.6465336229
18.81,0.4945371312,0.05877852523,0.5533156564
18.82,0.3047950401,0.09510565163,0.3999006917
18.83,0.0878953055,0.09510565163,0.1830009571
18.84,-0.1440320665,0.05877852523,-0.08525354127
18.85,-0.3779863081,0,-0.3779863081
18.86,-0.6008190304,-0.05877852523,-0.6595975556
18.87,-0.799969061,-0.09510565163,-0.8950747126
18.88,-0.964167896,-0.09510565163,-1.059273548
18.89,-1.084076046,-0.05877852523,-1.142854571
18.9,-1.152814165,0,-1.152814165
18.91,-1.166358505,0.05877852523,-1.10757998
18.92,-1.123777684,0.09510565163,-1.028672032
18.93,-1.027296497,0.09510565163,-0.9321908454
18.94,-0.8821821915,0.05877852523,-0.8234036663
18.95,-0.6964585764,0,-0.6964585764
18.96,-0.4804631256,-0.05877852523,-0.5392416508
18.97,-0.2462711992,-0.09510565163,-0.3413768508
18.98,-0.0070192001,-0.09510565163,-0.1021248517
18.99,0.2238355708,-0.05877852523,0.1650570456
19,0.4332767551,0,0.4332767551
19.01,0.6094693441,0.05877852523,0.6682478693
19.02,0.7424364521,0.09510565163,0.8375421037
19.03,0.824633586,0.09510565163,0.9197392376
19.04,0.8513871154,0.05877852523,0.9101656406
19.05,0.8211711626,0,0.8211711626
19.06,0.7357061797,-0.05877852523,0.6769276545
19.07,0.5998725541,-0.09510565163,0.5047669025
19.08,0.4214431193,-0.09510565163,0.3263374677
19.09,0.2106488403,-0.05877852523,0.1518703151
19.1,-0.0203983929,0,-0.0203983929
19.11,-0.2583935751,0.05877852523,-0.1996150499
19.12,-0.4895981324,0.09510565163,-0.3944924808
19.13,-0.7006279548,0.09510565163,-0.6055223032
19.14,-0.8792247295,0.05877852523,-0.8204462043
19.15,-1.014966043,0,-1.014966043
19.16,-1.099872953,-0.05877852523,-1.158651478
19.17,-1.128879374,-0.09510565163,-1.223985026
19.18,-1.100135349,-0.09510565163,-1.195241001
19.19,-1.015125729,-0.05877852523,-1.073904254
19.2,-0.8785963243,0,-0.8785963243
19.21,-0.6982906984,0.05877852523,-0.6395121732
19.22,-0.484511819,0.09510565163,-0.3894061674
19.23,-0.2495330045,0.09510565163,-0.1544273529
19.24,-0.0068915719,0.05877852523,0.05188695333
19.25,0.2293943752,0,0.2293943752
19.26,0.4456408178,-0.05877852523,0.3868622926
19.27,0.629297005,-0.09510565163,0.5341913534
19.28,0.769682197,-0.09510565163,0.6745765454
19.29,0.8586165516,-0.05877852523,0.7998380264
19.3,0.8909086402,0,0.8909086402
19.31,0.8646702238,0.05877852523,0.923448749
19.32,0.7814388542,0.09510565163,0.8765445058
19.33,0.6461000112,0.09510565163,0.7412056628
19.34,0.4666122135,0.05877852523,0.5253907387
19.35,0.2535501514,0,0.2535501514
19.36,0.0194917046,-0.05877852523,-0.03928682063
19.37,-0.2217159158,-0.09510565163,-0.3168215674
19.38,-0.4557682946,-0.09510565163,-0.5508739462
19.39,-0.6687466939,-0.05877852523,-0.7275252191
19.4,-0.847942038,0,-0.847942038
19.41,-0.9826111375,0.05877852523,-0.9238326123
19.42,-1.064619974,0.09510565163,-0.9695143224
19.43,-1.088935263,0.09510565163,-0.9938296114
19.44,-1.053934266,0.05877852523,-0.9951557408
19.45,-0.9615134125,0,-0.9615134125
19.46,-0.8169881345,-0.05877852523,-0.8757666597
19.47,-0.6287887098,-0.09510565163,-0.7238943614
19.48,-0.4079690817,-0.09510565163,-0.5030747333
19.49,-0.1675569086,-0.05877852523,-0.2263354338
19.5,0.0782172325,0,0.0782172325
19.51,0.314766094,0.05877852523,0.3735446192
19.52,0.5280172357,0.09510565163,0.6231228873
19.53,0.7052576723,0.09510565163,0.8003633239
19.54,0.8359008908,0.05877852523,0.894679416
19.55,0.9121297606,0,0.9121297606
19.56,0.9293760089,-0.05877852523,0.8705974837
19.57,0.886606506,-0.09510565163,0.7915008544
19.58,0.7863980413,-0.09510565163,0.6912923897
19.59,0.6347948949,-0.05877852523,0.5760163697
19.6,0.4409565848,0,0.4409565848
19.61,0.2166158859,0.05877852523,0.2753944111
19.62,-0.0246211751,0.09510565163,0.07048447653
19.63,-0.2680918708,0.09510565163,-0.1729862192
19.64,-0.498961059,0.05877852523,-0.4401825338
19.65,-0.7031199602,0,-0.7031199602
19.66,-0.8680449518,-0.05877852523,-0.926823477
19.67,-0.9835639757,-0.09510565163,-1.078669627
19.68,-1.042483429,-0.09510565163,-1.137589081
19.69,-1.041036591,-0.05877852523,-1.099815116
19.7,-0.9791252692,0,-0.9791252692
19.71,-0.8603387571,0.05877852523,-0.8015602319
19.72,-0.6917477236,0.09510565163,-0.596642072
19.73,-0.4834843671,0.09510565163,-0.3883787155
19.74,-0.2481333452,0.05877852523,-0.18935482
19.75,0.0000302679,0,0.00003026790001
19.76,0.2459101194,-0.05877852523,0.1871315942
19.77,0.4745120624,-0.09510565163,0.3794064108
19.78,0.6718655498,-0.09510565163,0.5767598982
19.79,0.8258862611,-0.05877852523,0.7671077359
19.8,0.9271265292,0,0.9271265292
19.81,0.9693667042,0.05877852523,1.028145229
19.82,0.9500100911,0.09510565163,1.045115743
19.83,0.8702559902,0.09510565163,0.9653616418
19.84,0.7350389163,0.05877852523,0.7938174415
19.85,0.5527364633,0,0.5527364633
19.86,0.3346626307,-0.05877852523,0.2758841055
19.87,0.0943768372,-0.09510565163,-0.0007288144295
19.88,-0.1531495147,-0.09510565163,-0.2482551663
19.89,-0.3924579356,-0.05877852523,-0.4512364608
19.9,-0.6085621997,0,-0.6085621997
19.91,-0.7878826263,0.05877852523,-0.7291041011
19.92,-0.91909694,0.09510565163,-0.8239912884
19.93,-0.9938541846,0.09510565163,-0.898748533
19.94,-1.007306366,0.05877852523,-0.9485278408
19.95,-0.9584235991,0,-0.9584235991
19.96,-0.850071847,-0.05877852523,-0.9088503722
19.97,-0.6888470936,-0.09510565163,-0.7839527452
19.98,-0.484674991,-0.09510565163,-0.5797806426
19.99,-0.2501998225,-0.05877852523,-0.3089783477
20,0,0,0